FazendaNome,Data,Metragem,DensidadeSeca,Umidade
GLORIA,2025-01-03,109.7,276.208,6.51
GLORIA,2025-01-03,71.68,245.675,6.61
GLORIA,2025-01-03,129.33,265.058,6.93
GLORIA,2025-01-04,132.66,245.741,7.18
GLORIA,2025-01-04,108.15,238.927,7.85
GLORIA,2025-01-04,119.75,247.182,7.08
GLORIA,2025-01-05,130.2,239.017,6.54
GLORIA,2025-01-06,133.5,232.659,11.04
GLORIA,2025-01-06,108.92,233.566,8.27
GLORIA,2025-01-06,71.9,223.922,6.3
GLORIA,2025-01-06,119.5,238.745,7.18
GLORIA,2025-01-07,133.35,233.371,5.24
GLORIA,2025-01-09,112.4,202.669,5.04
GLORIA,2025-01-09,117.53,236.11,5.29
GLORIA,2025-01-10,133.3,221.755,6.27
GLORIA,2025-01-10,119.55,230.698,6.11
GLORIA,2025-01-11,114.35,207.783,5.79
GLORIA,2025-01-12,130.5,236.245,6.09
GLORIA,2025-01-13,116.4,223.625,6.46
GLORIA,2025-01-14,111.6,229.391,6.02
GLORIA,2025-01-15,69.21,245.196,4.53
GLORIA,2025-01-15,131.0,229.313,5.77
GLORIA,2025-01-15,117.1,224.765,6.09
GLORIA,2025-01-17,112.4,215.747,4.33
GLORIA,2025-01-18,132.24,228.902,3.63
GLORIA,2025-01-19,120.15,243.196,5.24
GLORIA,2025-01-20,111.55,231.286,5.57
GLORIA,2025-01-21,109.95,218.19,5.55
GLORIA,2025-01-22,133.25,230.769,5.15
GLORIA,2025-01-22,116.5,208.927,5.15
GLORIA,2025-01-24,118.65,212.727,5.47
GLORIA,2025-01-26,133.95,215.901,5.05
GLORIA,2025-01-26,113.65,205.455,3.64
GLORIA,2025-01-27,116.05,237.398,5.32
GLORIA,2025-01-29,114.65,225.382,5.54
GLORIA,2025-01-30,134.0,250.672,6.27
GLORIA,2025-01-31,119.1,239.043,6.13
GLORIA,2025-02-01,113.5,226.167,7.01
GLORIA,2025-02-02,131.0,235.725,4.68
GLORIA,2025-02-03,107.19,245.265,6.21
GLORIA,2025-02-05,120.05,223.907,4.19
GLORIA,2025-02-07,130.19,229.05,3.79
GLORIA,2025-02-07,113.15,215.289,5.32
GLORIA,2025-02-09,120.5,207.386,3.96
GLORIA,2021-06-28,98.98,222.974,2.72
GLORIA,2021-07-14,109.9,228.844,1.94
GLORIA,2021-07-21,108.63,231.244,3.29
GLORIA,2021-09-10,70.0,263.571,3.34
GLORIA,2021-12-09,70.0,229.714,3.25
GLORIA,2022-01-11,114.5,287.511,3.82
GLORIA,2022-02-28,112.3,267.943,5.39
GLORIA,2022-04-09,111.06,247.074,6.62
GLORIA,2022-05-09,112.6,235.169,3.16
GLORIA,2022-05-14,112.15,260.366,4.73
GLORIA,2022-05-25,112.15,249.487,6.21
GLORIA,2022-10-25,113.43,221.987,4.06
GLORIA,2023-02-07,124.49,278.898,5.7
GLORIA,2024-08-22,111.79,202.88,2.1
GLORIA,2024-08-30,113.97,196.104,2.56
GLORIA,2024-09-06,108.8,172.518,3.21
GLORIA,2024-09-17,118.7,225.274,3.83
GLORIA,2024-09-21,70.4,205.256,4.11
GLORIA,2024-09-22,116.7,235.561,7.02
GLORIA,2024-09-27,109.97,220.424,4.25
GLORIA,2024-10-02,112.5,202.4,6.76
GLORIA,2024-10-03,113.8,221.88,4.27
GLORIA,2024-10-14,70.1,221.541,3.26
GLORIA,2024-10-16,109.2,209.524,3.42
GLORIA,2024-10-16,115.99,198.293,6.39
GLORIA,2024-10-19,106.04,212.467,5.23
GLORIA,2024-10-20,110.7,218.88,5.3
GLORIA,2024-10-23,110.3,219.583,5.18
GLORIA,2024-10-23,107.2,206.651,15.86
GLORIA,2024-10-25,110.1,213.442,6.33
GLORIA,2024-10-25,108.15,218.4,4.95
GLORIA,2024-10-28,111.06,234.648,5.01
GLORIA,2024-10-31,107.65,223.409,6.03
GLORIA,2024-11-01,109.3,210.796,4.61
GLORIA,2024-11-03,109.7,228.35,5.19
GLORIA,2024-11-06,110.1,211.262,4.19
GLORIA,2024-11-07,112.08,221.895,6.1
GLORIA,2024-11-10,112.2,204.991,5.13
GLORIA,2024-11-12,106.2,231.073,3.96
GLORIA,2024-11-19,108.0,224.259,3.17
GLORIA,2024-11-27,113.6,217.342,3.78
GLORIA,2024-12-15,69.21,226.557,10.83
GLORIA,2024-12-17,69.21,225.112,5.94
GLORIA,2024-12-18,107.19,233.79,5.38
GLORIA,2025-02-13,113.43,206.824,3.79
GLORIA,2025-02-14,133.4,235.082,4.07
GLORIA,2025-02-14,125.4,250.08,4.07
GLORIA,2025-02-15,112.52,214.895,5.68
GLORIA,2025-02-15,120.5,226.473,3.95
GLORIA,2025-02-17,119.1,227.036,4.26
GLORIA,2025-02-18,136.25,218.936,5.14
GLORIA,2025-02-19,113.06,211.215,4.97
GLORIA,2025-02-19,119.6,219.147,4.61
GLORIA,2025-02-22,131.85,227.835,4.0
GLORIA,2025-02-23,110.33,215.807,3.17
GLORIA,2025-02-27,136.55,214.061,4.6
GLORIA,2025-02-28,109.47,236.503,5.01
GLORIA,2025-03-01,108.88,225.661,4.49
GLORIA,2025-03-02,117.06,215.018,4.63
GLORIA,2025-03-04,110.1,225.522,4.59
GLORIA,2022-08-04,125.2,223.083,2.98
GLORIA,2023-06-20,113.61,230.173,5.3
GLORIA,2025-03-05,115.16,219.0,4.72
GLORIA,2025-03-06,112.88,221.031,5.92
GLORIA,2024-07-11,119.97,216.971,4.54
GLORIA,2025-03-07,113.66,210.892,4.1
GLORIA,2024-10-16,109.0,220.367,3.78
GLORIA,2024-10-17,72.15,231.462,4.24
GLORIA,2024-11-04,112.85,231.192,6.27
GLORIA,2025-03-09,109.24,236.726,5.7
GLORIA,2025-03-09,117.46,234.378,3.06
GLORIA,2024-10-25,116.18,209.589,4.64
GLORIA,2022-09-19,121.5,232.346,2.96
GLORIA,2023-08-17,122.15,264.756,3.19
GLORIA,2023-08-18,117.64,173.835,2.67
GLORIA,2025-03-10,117.24,236.267,4.9
GLORIA,2025-03-11,109.74,216.147,5.15
GLORIA,2021-09-04,114.0,253.246,3.57
GLORIA,2022-02-20,125.0,244.48,4.35
GLORIA,2022-03-05,126.0,250.794,5.16
GLORIA,2022-04-30,125.06,248.761,2.99
GLORIA,2022-05-21,120.24,262.558,5.63
GLORIA,2022-09-08,126.0,241.508,3.62
GLORIA,2022-09-10,126.0,247.222,3.72
GLORIA,2022-09-15,126.0,259.206,4.83
GLORIA,2023-01-27,120.2,250.666,4.52
GLORIA,2024-08-15,115.34,197.676,3.39
GLORIA,2024-08-21,118.79,206.246,3.51
GLORIA,2024-08-22,121.0,202.479,3.58
GLORIA,2024-08-27,122.36,210.853,3.76
GLORIA,2024-08-28,110.77,238.422,2.41
GLORIA,2024-08-30,122.99,197.577,3.62
GLORIA,2024-09-04,117.3,167.093,2.37
GLORIA,2024-09-04,113.47,173.438,2.8
GLORIA,2024-09-07,117.46,186.021,4.05
GLORIA,2024-09-08,116.4,192.955,3.51
GLORIA,2024-09-13,111.73,205.764,2.43
GLORIA,2024-09-14,114.0,221.14,3.47
GLORIA,2024-09-15,118.08,222.476,3.01
GLORIA,2024-09-16,113.0,225.929,4.04
GLORIA,2024-09-18,118.1,226.08,4.3
GLORIA,2024-09-20,117.45,232.865,3.11
GLORIA,2024-09-20,118.2,215.228,3.56
GLORIA,2024-09-22,116.54,221.812,4.89
GLORIA,2024-10-01,119.15,202.182,2.54
GLORIA,2024-10-05,116.8,215.497,3.78
GLORIA,2024-10-11,117.09,218.891,4.84
GLORIA,2024-10-17,120.25,214.719,3.06
GLORIA,2024-10-19,114.54,224.027,5.96
GLORIA,2024-10-20,119.5,236.485,6.11
GLORIA,2024-10-21,118.2,233.333,5.71
GLORIA,2024-10-23,117.3,226.684,5.16
GLORIA,2024-10-23,115.16,206.582,4.09
GLORIA,2024-10-25,116.0,205.69,5.01
GLORIA,2024-10-27,117.0,216.581,6.44
GLORIA,2024-10-29,115.07,272.182,7.93
GLORIA,2024-10-30,115.0,210.435,5.47
GLORIA,2024-11-02,117.1,239.795,5.6
GLORIA,2024-11-03,118.2,202.2,6.6
GLORIA,2024-11-04,119.8,219.449,4.24
GLORIA,2024-11-05,118.0,220.339,5.4
GLORIA,2024-11-07,118.7,222.915,5.52
GLORIA,2024-11-08,117.0,222.65,4.3
GLORIA,2024-11-14,116.3,244.712,4.87
GLORIA,2024-11-16,119.0,229.496,4.19
GLORIA,2024-11-16,115.17,211.513,4.56
GLORIA,2024-11-18,121.34,213.45,3.57
GLORIA,2024-11-18,117.53,232.111,4.67
GLORIA,2024-11-19,117.29,215.875,4.24
GLORIA,2024-11-21,122.45,228.583,3.81
GLORIA,2024-11-22,118.69,227.989,3.88
GLORIA,2024-11-24,122.28,205.021,3.17
GLORIA,2024-11-24,117.36,215.15,4.03
GLORIA,2024-11-25,118.16,223.341,3.58
GLORIA,2024-12-23,115.52,226.714,5.51
GLORIA,2025-03-13,118.41,230.048,5.11
GLORIA,2025-03-15,113.86,229.58,3.83
GLORIA,2025-03-16,108.15,224.318,3.61
GLORIA,2025-03-16,127.35,243.659,5.49
GLORIA,2025-03-17,115.55,232.28,4.7
GLORIA,2025-03-18,130.71,223.931,4.77
GLORIA,2025-03-19,111.43,221.125,6.49
GLORIA,2025-03-19,110.1,246.866,5.68
GLORIA,2025-03-19,112.69,231.254,3.19
GLORIA,2025-03-20,118.01,217.354,4.42
GLORIA,2025-03-21,110.33,225.505,3.33
GLORIA,2025-03-21,130.73,233.841,5.71
GLORIA,2025-03-23,111.79,245.371,5.94
GLORIA,2025-03-23,115.36,257.715,4.8
GLORIA,2025-03-24,135.31,234.203,4.79
GLORIA,2025-03-24,110.1,239.51,4.34
GLORIA,2025-03-25,115.88,245.513,4.07
GLORIA,2025-03-27,127.5,241.412,4.37
GLORIA,2025-03-28,115.72,221.829,2.65
GLORIA,2025-03-30,110.61,221.499,3.64
GLORIA,2025-04-01,119.05,228.811,4.66
GLORIA,2025-04-01,113.28,233.934,5.49
GLORIA,2022-02-13,124.3,240.225,2.72
GLORIA,2022-02-16,120.4,243.439,4.91
GLORIA,2022-02-18,124.6,240.209,4.19
GLORIA,2022-02-25,121.7,251.356,5.06
GLORIA,2022-02-27,122.0,244.836,2.96
GLORIA,2022-03-02,124.5,245.542,4.55
GLORIA,2022-03-09,124.0,264.758,5.02
GLORIA,2022-03-11,123.5,253.846,4.89
GLORIA,2022-03-15,122.58,253.304,4.33
GLORIA,2022-03-17,121.72,250.657,5.23
GLORIA,2022-03-20,124.49,247.008,4.63
GLORIA,2022-04-02,123.69,260.247,6.56
GLORIA,2022-04-04,119.4,254.355,6.75
GLORIA,2022-04-06,125.8,267.329,7.95
GLORIA,2022-04-08,123.33,255.412,5.01
GLORIA,2022-04-10,122.75,258.411,4.1
GLORIA,2022-04-13,122.75,233.075,8.1
GLORIA,2022-05-02,123.21,255.336,5.92
GLORIA,2022-05-05,124.76,253.206,4.51
GLORIA,2022-05-09,124.2,251.53,4.08
GLORIA,2022-05-11,124.77,236.996,6.04
GLORIA,2022-05-13,123.98,239.797,4.9
GLORIA,2022-05-17,121.32,256.841,4.44
GLORIA,2022-05-19,119.73,256.744,5.6
GLORIA,2022-06-11,121.31,248.949,5.98
GLORIA,2022-06-14,123.5,245.749,5.57
GLORIA,2022-06-15,124.8,234.295,4.33
GLORIA,2022-06-23,120.15,234.29,4.89
GLORIA,2022-06-26,126.5,226.64,6.7
GLORIA,2022-06-27,124.7,235.686,4.93
GLORIA,2022-07-03,123.0,232.52,4.0
GLORIA,2022-07-05,121.1,226.755,2.3
GLORIA,2022-07-07,120.1,225.312,3.1
GLORIA,2022-07-11,123.0,230.244,2.95
GLORIA,2022-07-17,124.5,228.032,3.8
GLORIA,2022-07-19,122.1,214.547,14.59
GLORIA,2022-07-22,119.7,232.999,4.84
GLORIA,2022-07-22,121.1,224.277,3.61
GLORIA,2022-07-24,125.3,222.027,3.86
GLORIA,2022-07-26,121.0,230.744,2.81
GLORIA,2022-07-29,122.3,224.693,4.37
GLORIA,2022-08-03,121.5,213.909,2.41
GLORIA,2022-08-08,125.0,230.32,5.2
GLORIA,2022-08-13,120.88,223.279,3.85
GLORIA,2022-08-15,121.0,229.421,3.07
GLORIA,2022-08-18,125.0,240.8,6.22
GLORIA,2022-08-19,118.5,235.612,5.35
GLORIA,2022-08-20,125.37,221.504,4.17
GLORIA,2022-08-22,123.47,230.096,5.5
GLORIA,2022-08-24,124.75,232.017,15.69
GLORIA,2022-08-27,121.0,237.107,2.81
GLORIA,2022-08-31,119.5,241.004,4.68
GLORIA,2022-09-02,124.8,225.481,3.48
GLORIA,2022-09-04,119.9,240.284,3.16
GLORIA,2022-09-09,122.0,233.279,4.7
GLORIA,2022-09-12,121.5,237.86,2.97
GLORIA,2022-09-14,123.0,250.894,4.07
GLORIA,2022-09-21,122.5,257.306,5.14
GLORIA,2022-09-25,121.53,256.644,4.19
GLORIA,2022-09-28,122.42,259.925,6.96
GLORIA,2022-09-29,125.17,272.66,9.45
GLORIA,2022-09-30,121.06,247.481,5.67
GLORIA,2022-10-01,125.55,253.286,4.74
GLORIA,2022-10-03,121.52,246.215,6.22
GLORIA,2022-10-05,125.0,239.76,6.97
GLORIA,2022-10-08,122.85,238.746,3.46
GLORIA,2022-10-09,122.88,243.164,3.54
GLORIA,2022-10-10,118.8,244.444,4.34
GLORIA,2022-10-14,122.6,243.883,5.56
GLORIA,2022-10-19,122.94,239.548,4.35
GLORIA,2022-10-20,124.77,230.344,3.82
GLORIA,2022-10-22,122.94,239.548,5.86
GLORIA,2022-10-27,123.78,229.035,3.89
GLORIA,2022-10-27,121.91,226.068,4.49
GLORIA,2022-10-29,124.29,247.244,5.56
GLORIA,2022-11-01,121.86,243.066,4.95
GLORIA,2022-11-07,120.69,235.314,1.86
GLORIA,2022-11-11,120.07,251.187,4.52
GLORIA,2022-11-15,120.84,251.738,6.44
GLORIA,2022-11-16,123.58,258.942,8.79
GLORIA,2022-11-18,123.76,261.231,3.23
GLORIA,2022-11-20,120.53,234.796,4.41
GLORIA,2022-11-20,125.11,235.793,4.18
GLORIA,2022-11-22,121.84,233.421,3.94
GLORIA,2022-11-24,125.26,244.212,4.12
GLORIA,2022-11-24,120.91,237.201,3.01
GLORIA,2022-11-27,125.88,234.906,2.78
GLORIA,2022-11-27,120.14,230.315,2.27
GLORIA,2022-11-29,124.77,248.778,2.79
GLORIA,2022-12-04,120.12,243.756,4.39
GLORIA,2022-12-06,123.39,252.938,5.54
GLORIA,2022-12-10,122.79,233.814,3.56
GLORIA,2022-12-13,123.6,240.453,5.31
GLORIA,2022-12-17,123.91,239.287,4.22
GLORIA,2022-12-21,123.24,253.246,3.87
GLORIA,2022-12-24,125.68,240.85,3.94
GLORIA,2022-12-28,122.8,246.336,5.06
GLORIA,2022-12-30,121.03,236.388,4.9
GLORIA,2023-01-07,121.85,247.6,4.91
GLORIA,2023-01-12,125.29,246.468,6.43
GLORIA,2023-01-14,122.08,238.45,6.75
GLORIA,2023-01-15,123.21,242.026,7.16
GLORIA,2023-01-19,120.73,254.701,4.4
GLORIA,2023-01-25,121.37,239.104,4.52
GLORIA,2023-01-27,125.39,240.37,4.57
GLORIA,2023-01-29,119.36,239.36,4.05
GLORIA,2023-01-30,122.11,247.809,4.91
GLORIA,2023-02-02,122.22,251.595,5.11
GLORIA,2023-02-10,123.72,239.088,3.4
GLORIA,2023-02-11,120.56,254.811,5.41
GLORIA,2023-02-12,119.12,243.704,6.0
GLORIA,2023-02-14,120.34,256.44,5.1
GLORIA,2023-02-15,122.47,221.034,5.39
GLORIA,2023-02-16,121.05,245.766,2.76
GLORIA,2023-02-16,122.6,234.095,3.36
GLORIA,2023-02-24,125.08,261.193,4.87
GLORIA,2023-02-27,121.1,229.81,4.31
GLORIA,2023-03-02,120.72,223.492,4.69
GLORIA,2023-03-03,121.93,242.762,3.02
GLORIA,2023-03-04,123.21,241.782,4.33
GLORIA,2023-03-05,120.64,245.441,6.21
GLORIA,2023-03-07,119.85,241.719,4.01
GLORIA,2023-03-08,122.0,234.508,2.86
GLORIA,2023-03-08,123.64,227.839,2.42
GLORIA,2023-03-10,122.01,231.948,3.82
GLORIA,2023-03-12,125.91,219.998,5.25
GLORIA,2023-03-13,121.18,238.901,4.43
GLORIA,2023-03-16,121.64,232.078,5.25
GLORIA,2023-03-18,121.12,230.845,5.11
GLORIA,2023-03-20,125.98,234.879,3.06
GLORIA,2023-03-21,122.45,245.896,4.62
GLORIA,2023-03-22,124.72,235.487,4.24
GLORIA,2023-03-24,120.84,257.2,5.4
GLORIA,2023-03-25,121.08,266.435,7.91
GLORIA,2023-03-25,124.43,250.824,4.71
GLORIA,2023-03-27,121.39,245.49,3.51
GLORIA,2023-03-28,125.89,253.793,3.41
GLORIA,2023-03-29,118.95,249.517,4.35
GLORIA,2023-03-31,124.17,263.026,3.02
GLORIA,2023-04-01,121.44,235.178,4.82
GLORIA,2023-04-02,120.18,235.896,5.43
GLORIA,2023-04-05,124.59,224.657,3.44
GLORIA,2023-04-05,121.78,234.85,4.16
GLORIA,2023-04-09,120.7,231.897,4.63
GLORIA,2023-04-11,124.71,227.889,3.33
GLORIA,2023-04-11,120.92,232.881,4.56
GLORIA,2023-04-12,124.88,235.987,4.04
GLORIA,2023-04-13,121.65,232.059,4.68
GLORIA,2023-04-15,125.03,232.984,5.52
GLORIA,2023-04-16,120.64,238.312,4.82
GLORIA,2023-04-20,121.4,243.904,5.45
GLORIA,2023-04-20,125.14,239.012,5.27
GLORIA,2023-04-22,121.53,227.927,3.94
GLORIA,2023-04-23,124.17,227.43,3.24
GLORIA,2023-04-26,121.76,238.338,5.87
GLORIA,2023-04-27,125.04,237.844,4.76
GLORIA,2023-04-29,121.4,232.949,4.37
GLORIA,2023-05-03,125.48,233.822,7.12
GLORIA,2023-05-04,121.91,240.669,4.26
GLORIA,2023-05-06,123.95,227.672,3.39
GLORIA,2023-05-08,119.93,222.63,5.28
GLORIA,2023-05-10,123.4,227.796,3.84
GLORIA,2023-05-12,124.65,225.11,3.35
GLORIA,2023-05-13,122.2,222.34,4.19
GLORIA,2023-05-16,123.42,242.991,2.48
GLORIA,2023-05-22,120.11,243.943,2.76
GLORIA,2023-05-26,125.8,231.876,3.89
GLORIA,2023-05-27,120.62,250.29,3.58
GLORIA,2023-05-29,117.46,260.514,4.17
GLORIA,2023-05-29,124.1,261.644,4.71
GLORIA,2023-06-01,120.37,287.115,7.49
GLORIA,2023-06-03,123.98,257.945,6.64
GLORIA,2023-06-04,120.28,269.621,5.55
GLORIA,2023-06-05,125.64,254.378,4.18
GLORIA,2023-06-05,120.2,267.637,4.14
GLORIA,2023-06-09,124.43,252.592,4.21
GLORIA,2023-06-11,117.87,252.482,3.02
GLORIA,2023-06-12,121.42,237.934,4.05
GLORIA,2023-06-13,121.86,254.554,3.75
GLORIA,2023-06-15,120.15,240.866,7.44
GLORIA,2023-06-17,120.36,233.383,2.55
GLORIA,2023-06-22,121.6,235.855,4.17
GLORIA,2023-06-22,119.54,238.163,4.31
GLORIA,2023-06-25,122.68,238.996,3.27
GLORIA,2023-06-26,119.52,243.641,3.86
GLORIA,2023-07-02,121.26,232.146,5.53
GLORIA,2023-07-02,124.68,230.189,7.95
GLORIA,2023-07-04,120.75,228.737,3.79
GLORIA,2023-07-07,123.67,235.627,3.47
GLORIA,2023-07-11,121.06,231.29,3.37
GLORIA,2023-07-14,120.14,231.23,3.16
GLORIA,2023-07-17,120.06,246.877,5.35
GLORIA,2023-07-18,125.38,251.954,4.57
GLORIA,2023-07-20,125.57,251.971,4.62
GLORIA,2023-07-21,121.2,261.139,4.38
GLORIA,2023-07-24,121.7,251.52,3.65
GLORIA,2023-07-26,125.29,207.04,5.39
GLORIA,2023-07-27,121.26,258.123,4.75
GLORIA,2023-07-28,125.04,239.683,3.63
GLORIA,2023-07-29,121.25,193.485,3.86
GLORIA,2023-07-31,124.04,242.986,4.58
GLORIA,2023-07-31,120.76,209.506,4.6
GLORIA,2023-08-02,125.34,212.622,3.32
GLORIA,2023-08-04,120.11,221.547,3.06
GLORIA,2023-08-05,121.16,211.621,3.53
GLORIA,2023-08-07,122.2,199.018,3.16
GLORIA,2023-08-09,123.2,183.198,3.05
GLORIA,2023-08-16,120.76,251.656,6.08
GLORIA,2023-08-19,120.91,189.645,6.43
GLORIA,2023-08-25,120.71,185.403,3.86
GLORIA,2023-12-23,116.6,242.539,4.45
GLORIA,2024-05-09,124.55,214.372,4.8
GLORIA,2024-06-19,122.58,215.533,3.11
GLORIA,2025-04-02,126.94,238.38,4.47
GLORIA,2021-06-26,99.4,211.972,4.43
GLORIA,2021-08-10,69.5,211.799,4.54
GLORIA,2021-09-01,99.0,269.091,5.06
GLORIA,2021-10-22,56.2,251.246,5.86
GLORIA,2021-11-15,69.5,227.482,4.28
GLORIA,2021-11-27,69.5,208.921,4.52
GLORIA,2021-12-04,68.0,235.294,4.76
GLORIA,2022-01-15,68.5,279.416,10.72
GLORIA,2022-01-19,67.5,266.519,3.43
GLORIA,2022-01-28,111.3,257.951,4.21
GLORIA,2022-01-31,68.8,246.948,5.95
GLORIA,2022-02-05,74.0,242.703,3.54
GLORIA,2022-02-07,112.2,245.544,3.33
GLORIA,2022-02-08,64.0,274.844,4.91
GLORIA,2022-02-15,112.5,247.467,3.75
GLORIA,2022-02-23,112.5,244.444,3.97
GLORIA,2022-02-25,115.0,242.348,4.49
GLORIA,2022-03-03,114.8,237.892,6.37
GLORIA,2022-03-05,115.0,252.522,4.35
GLORIA,2022-03-06,73.5,253.605,5.0
GLORIA,2022-03-12,111.43,262.766,4.34
GLORIA,2022-03-17,111.43,254.599,4.34
GLORIA,2022-03-23,110.33,261.216,4.71
GLORIA,2022-03-25,112.15,254.391,6.26
GLORIA,2022-03-29,74.88,245.593,3.95
GLORIA,2022-04-01,112.0,242.679,6.06
GLORIA,2022-04-02,72.88,249.177,6.08
GLORIA,2022-04-04,70.49,261.03,6.79
GLORIA,2022-04-11,112.5,248.8,5.26
GLORIA,2022-04-14,112.15,256.977,4.9
GLORIA,2022-04-17,112.15,249.309,4.58
GLORIA,2022-04-20,113.25,247.947,3.95
GLORIA,2022-04-23,112.8,241.844,5.93
GLORIA,2022-04-27,112.88,257.442,7.2
GLORIA,2022-04-29,112.76,246.009,3.79
GLORIA,2022-05-07,112.52,235.247,3.8
GLORIA,2022-05-12,113.61,249.802,4.57
GLORIA,2022-05-16,104.87,261.562,4.62
GLORIA,2022-05-19,112.8,246.365,4.26
GLORIA,2022-05-22,111.43,250.92,3.69
GLORIA,2022-05-23,120.64,248.011,5.12
GLORIA,2022-05-24,124.56,235.389,3.41
GLORIA,2022-05-26,123.69,250.95,3.01
GLORIA,2022-05-28,119.35,255.048,4.48
GLORIA,2022-05-30,122.6,241.028,4.0
GLORIA,2022-06-01,121.64,257.646,5.27
GLORIA,2022-06-02,113.18,242.887,4.78
GLORIA,2022-06-10,120.67,169.305,6.96
GLORIA,2022-06-12,112.2,240.018,6.02
GLORIA,2022-06-12,122.2,240.262,9.84
GLORIA,2022-06-15,110.6,238.788,5.26
GLORIA,2022-06-16,122.0,237.705,4.29
GLORIA,2022-06-18,114.0,243.246,5.41
GLORIA,2022-06-18,121.3,221.682,5.5
GLORIA,2022-06-19,122.93,234.036,6.4
GLORIA,2022-06-20,114.0,231.579,6.3
GLORIA,2022-06-21,121.69,236.42,6.0
GLORIA,2022-06-23,111.43,233.959,4.69
GLORIA,2022-06-25,123.5,229.717,5.04
GLORIA,2022-06-27,113.9,223.881,4.23
GLORIA,2022-06-28,126.0,226.111,3.28
GLORIA,2022-06-29,122.7,232.437,4.53
GLORIA,2022-06-30,125.1,231.735,4.54
GLORIA,2022-07-04,72.1,225.52,2.45
GLORIA,2022-07-09,70.0,222.429,3.74
GLORIA,2022-07-10,125.87,211.965,4.69
GLORIA,2022-07-12,72.0,228.194,2.24
GLORIA,2022-07-12,123.0,221.057,2.68
GLORIA,2022-07-16,120.7,224.772,5.1
GLORIA,2022-07-19,72.0,219.861,4.76
GLORIA,2022-07-20,110.0,236.091,3.37
GLORIA,2022-07-23,112.1,221.677,3.71
GLORIA,2022-07-24,69.0,216.522,3.47
GLORIA,2022-07-27,112.88,217.488,5.06
GLORIA,2022-07-31,108.88,224.192,2.02
GLORIA,2022-08-07,112.88,226.524,4.8
GLORIA,2022-08-08,119.0,221.765,5.18
GLORIA,2022-08-11,112.99,241.178,7.0
GLORIA,2022-08-16,121.64,216.294,4.18
GLORIA,2022-08-17,112.95,229.305,3.97
GLORIA,2022-08-20,115.0,223.565,4.78
GLORIA,2022-08-27,112.52,233.203,3.93
GLORIA,2022-08-30,112.99,231.082,4.92
GLORIA,2022-08-30,125.3,227.215,4.06
GLORIA,2022-09-02,112.0,239.107,3.29
GLORIA,2022-09-06,125.76,240.617,3.28
GLORIA,2022-09-13,112.17,238.121,3.58
GLORIA,2022-09-18,112.5,243.911,4.41
GLORIA,2022-09-21,112.91,246.302,6.29
GLORIA,2022-09-25,113.61,240.384,4.35
GLORIA,2022-09-28,111.79,259.147,5.84
GLORIA,2022-09-30,112.88,256.201,5.19
GLORIA,2022-10-06,113.98,240.13,3.72
GLORIA,2022-10-09,115.07,229.686,4.35
GLORIA,2022-10-12,116.52,241.589,6.35
GLORIA,2022-10-16,115.8,223.402,4.69
GLORIA,2022-10-19,113.98,240.218,5.52
GLORIA,2022-10-22,114.02,232.854,6.06
GLORIA,2022-10-28,112.52,235.247,3.6
GLORIA,2022-10-30,121.84,237.278,5.91
GLORIA,2022-11-06,113.11,235.7,3.23
GLORIA,2022-11-10,120.51,245.54,2.61
GLORIA,2022-11-11,113.25,231.435,4.1
GLORIA,2022-11-15,111.92,241.601,7.27
GLORIA,2022-11-17,120.14,258.615,3.45
GLORIA,2022-11-18,113.61,242.76,3.91
GLORIA,2022-11-20,113.65,227.365,2.21
GLORIA,2022-11-23,113.25,235.85,4.62
GLORIA,2022-11-26,115.8,228.67,3.78
GLORIA,2022-12-03,115.72,230.384,2.13
GLORIA,2022-12-07,114.08,232.205,4.18
GLORIA,2022-12-08,121.2,245.71,4.31
GLORIA,2022-12-11,109.24,231.783,5.29
GLORIA,2022-12-15,124.1,238.195,3.78
GLORIA,2022-12-15,113.0,233.186,5.82
GLORIA,2022-12-18,113.25,247.77,6.29
GLORIA,2023-01-05,113.25,248.477,7.61
GLORIA,2023-01-06,122.41,250.797,6.39
GLORIA,2023-01-08,114.7,241.151,5.46
GLORIA,2023-01-10,113.88,229.891,6.26
GLORIA,2023-01-11,121.82,240.601,5.72
GLORIA,2023-01-13,112.52,227.248,5.43
GLORIA,2023-01-15,113.11,235.877,3.95
GLORIA,2023-01-16,120.56,251.244,5.04
GLORIA,2023-01-20,120.35,255.256,4.36
GLORIA,2023-01-24,112.88,221.828,9.62
GLORIA,2023-01-26,118.25,269.937,3.83
GLORIA,2023-01-29,114.08,242.987,4.65
GLORIA,2023-01-30,117.0,240.598,4.43
GLORIA,2023-01-30,122.95,253.924,3.94
GLORIA,2023-01-31,112.8,239.096,4.35
GLORIA,2023-02-01,116.8,252.911,4.41
GLORIA,2023-02-04,117.93,265.073,6.39
GLORIA,2023-02-04,120.56,253.733,4.35
GLORIA,2023-02-05,124.28,261.023,4.5
GLORIA,2023-02-07,123.32,268.894,3.68
GLORIA,2023-02-07,120.82,245.489,5.54
GLORIA,2023-02-08,125.88,238.481,6.47
GLORIA,2023-02-09,117.05,248.27,4.65
GLORIA,2023-02-09,113.03,250.464,4.87
GLORIA,2023-02-11,113.24,232.868,5.57
GLORIA,2023-02-12,112.85,245.459,4.18
GLORIA,2023-02-14,110.5,263.801,4.41
GLORIA,2023-02-16,125.53,281.686,2.96
GLORIA,2023-02-16,113.6,229.489,5.06
GLORIA,2023-02-19,113.61,242.056,4.84
GLORIA,2023-02-21,121.45,263.565,4.9
GLORIA,2023-02-24,111.55,258.359,4.99
GLORIA,2023-02-27,122.75,275.601,4.9
GLORIA,2023-02-27,115.04,219.315,4.15
GLORIA,2023-03-01,119.68,225.769,5.26
GLORIA,2023-03-05,113.04,236.2,3.72
GLORIA,2023-03-08,113.27,232.983,5.2
GLORIA,2023-03-11,113.61,222.868,5.47
GLORIA,2023-03-12,113.26,222.055,4.34
GLORIA,2023-03-16,114.16,228.802,5.06
GLORIA,2023-03-16,67.64,232.111,3.95
GLORIA,2023-03-21,112.88,231.308,4.62
GLORIA,2023-03-24,113.61,253.235,4.3
GLORIA,2023-03-26,113.82,244.86,4.89
GLORIA,2023-04-05,68.81,222.351,3.71
GLORIA,2023-04-05,112.84,224.566,5.48
GLORIA,2023-04-07,69.31,239.071,4.18
GLORIA,2023-04-09,68.0,231.912,5.01
GLORIA,2023-04-11,71.86,221.264,3.32
GLORIA,2023-04-13,69.88,232.971,3.61
GLORIA,2023-04-15,66.96,249.851,4.16
GLORIA,2023-04-20,78.31,247.861,6.26
GLORIA,2023-04-20,72.35,244.782,5.18
GLORIA,2023-04-21,112.58,223.752,4.42
GLORIA,2023-04-22,72.14,240.643,2.93
GLORIA,2023-04-24,78.67,233.507,4.79
GLORIA,2023-04-25,72.5,233.379,4.64
GLORIA,2023-04-25,113.26,213.05,3.82
GLORIA,2023-04-26,73.11,257.831,3.68
GLORIA,2023-04-26,78.86,233.198,5.91
GLORIA,2023-04-28,72.97,241.058,4.56
GLORIA,2023-04-29,112.92,229.366,3.7
GLORIA,2023-04-30,72.22,247.161,4.6
GLORIA,2023-05-03,77.72,228.513,5.82
GLORIA,2023-05-04,71.25,240.842,5.36
GLORIA,2023-05-04,112.52,218.894,4.06
GLORIA,2023-05-04,78.06,225.98,5.28
GLORIA,2023-05-09,76.2,226.509,4.82
GLORIA,2023-05-10,113.32,214.084,5.9
GLORIA,2023-05-11,79.09,223.669,3.37
GLORIA,2023-05-11,120.11,226.709,5.02
GLORIA,2023-05-12,72.91,227.541,4.67
GLORIA,2023-05-13,112.46,219.278,3.67
GLORIA,2023-05-13,78.17,230.139,2.55
GLORIA,2023-05-14,71.57,237.25,5.61
GLORIA,2023-05-16,112.89,234.21,2.39
GLORIA,2023-05-24,72.57,244.454,3.07
GLORIA,2023-05-27,78.1,232.907,2.38
GLORIA,2023-05-29,73.02,245.412,3.74
GLORIA,2023-05-29,77.9,258.537,3.65
GLORIA,2023-05-29,113.0,252.478,4.67
GLORIA,2023-06-01,76.4,281.806,7.21
GLORIA,2023-06-01,71.46,258.046,5.58
GLORIA,2023-06-03,113.76,246.572,5.45
GLORIA,2023-06-04,125.76,275.763,5.19
GLORIA,2023-06-04,76.49,250.098,4.73
GLORIA,2023-06-04,74.02,262.767,4.7
GLORIA,2023-06-06,78.2,255.882,6.63
GLORIA,2023-06-07,112.88,249.823,3.28
GLORIA,2023-06-08,70.64,254.813,3.69
GLORIA,2023-06-09,78.0,252.821,3.44
GLORIA,2023-06-11,112.17,247.303,3.72
GLORIA,2023-06-12,78.7,230.623,4.04
GLORIA,2023-06-15,77.75,241.543,4.25
GLORIA,2023-06-16,124.04,237.101,2.92
GLORIA,2023-06-16,112.76,241.93,5.71
GLORIA,2023-06-16,72.13,257.036,5.11
GLORIA,2023-06-17,77.7,237.838,2.79
GLORIA,2023-06-18,71.27,232.496,4.72
GLORIA,2023-06-23,76.73,246.449,3.57
GLORIA,2023-06-26,112.67,226.68,3.35
GLORIA,2023-06-27,78.34,233.852,2.86
GLORIA,2023-07-08,78.77,229.783,5.14
GLORIA,2023-07-10,112.36,222.766,2.39
GLORIA,2023-07-11,77.64,246.78,2.8
GLORIA,2023-07-14,78.09,230.119,3.97
GLORIA,2023-07-14,72.62,237.951,3.7
GLORIA,2023-07-17,113.08,251.592,2.8
GLORIA,2023-07-17,78.16,250.64,3.65
GLORIA,2023-07-18,71.62,255.655,4.18
GLORIA,2023-07-19,77.98,267.504,3.97
GLORIA,2023-07-20,112.88,258.15,4.58
GLORIA,2023-07-21,71.26,240.247,4.87
GLORIA,2023-07-21,79.25,217.666,3.3
GLORIA,2023-07-23,112.57,194.546,3.73
GLORIA,2023-07-24,78.79,242.924,5.32
GLORIA,2023-07-25,113.07,206.686,3.73
GLORIA,2023-07-28,114.25,195.536,3.65
GLORIA,2023-07-30,113.63,217.108,3.96
GLORIA,2023-08-06,72.16,228.659,2.72
GLORIA,2023-08-06,115.25,199.826,4.29
GLORIA,2023-08-08,72.57,192.09,4.44
GLORIA,2023-08-15,78.21,207.774,5.73
GLORIA,2023-08-17,71.36,228.7,2.47
GLORIA,2023-08-19,72.64,197.963,3.6
GLORIA,2023-08-19,78.88,189.275,5.07
GLORIA,2023-12-25,114.68,231.252,6.02
GLORIA,2023-12-26,113.84,277.67,6.72
GLORIA,2023-12-31,113.98,254.431,5.47
GLORIA,2024-06-18,115.8,206.649,3.68
GLORIA,2025-04-03,121.86,233.054,3.44
GLORIA,2023-08-23,121.06,200.727,5.15
GLORIA,2023-08-28,125.35,191.225,5.13
GLORIA,2023-08-31,121.25,191.753,5.07
GLORIA,2023-09-01,120.3,203.076,4.29
GLORIA,2023-09-03,121.1,199.835,3.11
GLORIA,2023-09-08,121.45,195.307,4.92
GLORIA,2023-09-11,124.4,189.952,2.41
GLORIA,2023-09-11,121.56,202.945,4.15
GLORIA,2023-09-13,124.1,196.535,4.98
GLORIA,2023-09-13,120.03,204.949,4.7
GLORIA,2023-09-15,118.98,195.747,3.96
GLORIA,2023-09-17,123.08,196.214,3.37
GLORIA,2023-09-17,120.8,177.732,3.03
GLORIA,2023-09-20,123.76,181.884,4.58
GLORIA,2023-09-21,121.66,190.778,2.79
GLORIA,2023-09-22,121.9,187.777,4.34
GLORIA,2023-09-24,122.73,198.647,2.61
GLORIA,2023-09-25,122.03,192.412,4.45
GLORIA,2023-09-27,121.68,185.076,3.24
GLORIA,2023-09-29,125.34,190.203,3.23
GLORIA,2023-09-29,120.0,194.0,4.04
GLORIA,2023-10-02,121.36,190.837,2.56
GLORIA,2023-10-06,125.0,196.8,2.38
GLORIA,2023-10-07,119.97,200.3,2.67
GLORIA,2023-10-10,122.8,193.078,2.15
GLORIA,2023-10-11,121.12,200.627,4.33
GLORIA,2023-10-14,125.07,191.813,1.68
GLORIA,2023-10-15,121.45,187.073,2.29
GLORIA,2023-10-21,123.3,238.848,4.09
GLORIA,2023-10-24,121.22,230.325,4.08
GLORIA,2023-11-03,124.32,240.026,4.44
GLORIA,2023-11-04,120.63,255.741,5.16
GLORIA,2023-11-06,124.1,246.898,4.09
GLORIA,2023-11-10,122.85,251.526,3.8
GLORIA,2023-11-14,121.43,260.068,2.12
GLORIA,2023-11-16,120.51,240.976,4.48
GLORIA,2023-11-25,124.94,220.666,4.21
GLORIA,2023-12-13,123.4,229.579,4.71
GLORIA,2023-12-26,125.2,276.677,5.13
GLORIA,2023-12-28,125.54,236.897,4.27
GLORIA,2024-01-02,121.38,229.939,5.21
GLORIA,2024-01-08,121.36,226.763,3.16
GLORIA,2024-01-11,121.16,221.36,4.68
GLORIA,2024-01-17,121.21,222.754,4.68
GLORIA,2024-01-18,125.18,235.181,5.62
GLORIA,2024-01-20,119.03,225.069,2.42
GLORIA,2024-01-23,122.82,227.732,3.63
GLORIA,2024-01-30,121.24,241.339,3.91
GLORIA,2024-02-04,120.4,245.432,2.28
GLORIA,2024-02-05,118.89,242.241,3.68
GLORIA,2024-02-10,122.22,257.405,6.93
GLORIA,2024-02-11,118.72,237.028,5.09
GLORIA,2024-02-13,118.48,245.105,5.62
GLORIA,2024-02-18,119.76,217.852,5.28
GLORIA,2024-02-22,124.81,221.457,3.0
GLORIA,2024-02-29,117.15,239.949,4.06
GLORIA,2024-05-09,119.34,224.736,3.97
GLORIA,2024-05-11,124.24,226.658,2.97
GLORIA,2024-05-12,119.93,224.214,3.26
GLORIA,2024-05-14,124.55,218.145,5.04
GLORIA,2024-05-16,118.5,229.114,3.57
GLORIA,2024-05-17,121.05,216.935,4.83
GLORIA,2024-05-18,118.86,228.588,2.27
GLORIA,2024-05-19,117.37,226.378,2.39
GLORIA,2024-05-21,119.45,219.422,5.0
GLORIA,2024-05-22,125.1,219.744,3.91
GLORIA,2024-05-24,120.55,219.909,3.51
GLORIA,2024-05-25,124.37,217.014,3.87
GLORIA,2024-05-27,119.6,207.609,4.85
GLORIA,2024-05-30,119.54,203.196,4.6
GLORIA,2024-05-31,121.93,209.136,3.06
GLORIA,2024-06-03,120.42,207.191,3.39
GLORIA,2024-06-03,121.73,210.712,2.55
GLORIA,2024-06-05,118.28,217.027,4.97
GLORIA,2024-06-06,120.84,217.726,4.04
GLORIA,2024-06-09,120.95,226.54,3.61
GLORIA,2024-06-10,117.89,212.91,5.95
GLORIA,2024-06-12,120.82,212.548,4.0
GLORIA,2024-06-15,120.94,220.771,3.22
GLORIA,2024-06-16,119.45,217.329,4.07
GLORIA,2024-06-19,117.85,218.753,3.63
GLORIA,2024-06-23,117.23,231.852,2.94
GLORIA,2024-06-24,119.3,217.435,4.33
GLORIA,2024-06-26,121.76,214.274,3.67
GLORIA,2024-06-26,119.8,212.688,3.65
GLORIA,2024-06-28,117.7,214.274,4.2
GLORIA,2024-06-28,119.77,214.828,3.48
GLORIA,2024-06-30,116.34,213.426,4.62
GLORIA,2024-06-30,123.3,215.004,4.45
GLORIA,2024-07-02,115.31,226.086,3.82
GLORIA,2024-07-02,119.43,220.548,3.1
GLORIA,2024-07-07,123.25,210.061,4.39
GLORIA,2024-07-10,114.05,214.818,3.18
GLORIA,2024-07-13,117.3,232.14,4.64
GLORIA,2024-07-15,121.67,202.679,4.58
GLORIA,2024-07-17,114.84,223.354,4.57
GLORIA,2024-07-20,122.91,212.351,2.91
GLORIA,2024-07-20,114.9,217.668,2.67
GLORIA,2024-07-22,117.65,218.19,2.71
GLORIA,2024-07-25,111.93,227.017,1.24
GLORIA,2024-07-27,122.95,210.004,3.0
GLORIA,2024-07-27,117.67,215.348,2.91
GLORIA,2024-07-29,116.1,210.25,2.41
GLORIA,2024-07-29,119.42,220.817,3.15
GLORIA,2024-07-31,118.07,215.635,2.93
GLORIA,2024-08-09,118.02,213.693,4.6
GLORIA,2024-08-10,119.65,203.677,4.95
GLORIA,2024-08-11,118.5,215.781,4.28
GLORIA,2024-08-13,115.5,204.848,3.62
GLORIA,2024-08-14,122.15,195.006,2.27
GLORIA,2023-09-18,72.27,182.233,5.38
GLORIA,2024-02-21,113.98,206.878,5.53
GLORIA,2023-08-23,113.52,173.978,2.26
GLORIA,2023-08-25,72.23,187.872,2.93
GLORIA,2023-08-25,114.18,178.49,3.77
GLORIA,2023-08-27,115.07,185.8,4.39
GLORIA,2023-09-01,69.0,199.565,2.44
GLORIA,2023-09-01,113.21,186.909,2.62
GLORIA,2023-09-07,113.55,186.526,5.4
GLORIA,2023-09-10,72.07,209.102,4.4
GLORIA,2023-09-12,114.0,194.825,6.59
GLORIA,2023-09-14,72.87,187.32,2.98
GLORIA,2023-09-14,113.95,195.612,7.42
GLORIA,2023-09-16,73.1,199.179,4.37
GLORIA,2023-09-17,113.1,197.79,5.72
GLORIA,2023-09-18,113.43,186.547,3.08
GLORIA,2023-09-22,72.86,181.581,3.4
GLORIA,2023-09-24,72.6,182.645,4.69
GLORIA,2023-09-27,72.62,188.791,4.7
GLORIA,2023-09-29,112.62,184.337,4.03
GLORIA,2023-10-02,70.8,201.836,5.03
GLORIA,2023-10-05,113.0,175.133,3.16
GLORIA,2023-10-06,73.08,192.392,3.41
GLORIA,2023-10-09,115.8,186.615,5.06
GLORIA,2023-10-10,73.49,197.578,4.57
GLORIA,2023-10-12,115.3,186.557,3.07
GLORIA,2023-10-18,72.36,194.444,1.79
GLORIA,2023-10-19,113.36,205.981,5.35
GLORIA,2023-10-27,113.68,240.764,4.33
GLORIA,2023-10-30,71.52,257.97,2.33
GLORIA,2023-11-02,113.18,246.422,5.3
GLORIA,2023-11-05,114.3,247.069,3.34
GLORIA,2023-11-07,71.1,261.322,2.84
GLORIA,2023-11-10,122.04,260.98,3.11
GLORIA,2023-11-11,113.46,246.43,3.55
GLORIA,2023-11-17,113.12,247.702,3.16
GLORIA,2023-11-21,121.34,248.311,2.7
GLORIA,2023-11-22,125.46,242.149,3.48
GLORIA,2023-11-24,71.18,224.501,4.65
GLORIA,2023-12-14,114.23,234.352,4.78
GLORIA,2023-12-29,113.9,235.382,4.63
GLORIA,2023-12-31,130.0,280.928,12.58
GLORIA,2023-12-31,111.63,238.466,5.76
GLORIA,2024-01-01,115.32,236.559,10.43
GLORIA,2024-01-03,116.3,235.77,5.49
GLORIA,2024-01-06,114.46,225.232,5.76
GLORIA,2024-01-18,113.39,214.128,4.4
GLORIA,2024-01-23,112.52,232.314,4.48
GLORIA,2024-01-23,120.35,234.649,6.26
GLORIA,2024-01-25,114.7,230.602,4.69
GLORIA,2024-01-27,120.48,234.562,3.23
GLORIA,2024-01-28,122.46,233.791,2.9
GLORIA,2024-01-28,120.73,243.85,4.8
GLORIA,2024-01-29,114.12,226.078,3.92
GLORIA,2024-02-02,120.47,233.751,2.94
GLORIA,2024-02-08,116.43,233.445,4.0
GLORIA,2024-02-08,110.33,229.947,5.09
GLORIA,2024-02-09,70.67,244.658,4.96
GLORIA,2024-02-11,114.18,223.069,5.39
GLORIA,2024-02-14,112.88,229.979,4.74
GLORIA,2024-02-14,71.9,217.942,4.86
GLORIA,2024-02-17,113.98,216.178,5.13
GLORIA,2024-02-21,120.32,217.337,3.83
GLORIA,2024-03-20,118.67,208.646,4.48
GLORIA,2024-05-24,114.9,211.575,4.41
GLORIA,2024-05-30,112.33,209.383,4.6
GLORIA,2024-06-02,108.88,213.813,2.95
GLORIA,2024-06-03,127.49,222.057,4.43
GLORIA,2024-06-05,114.3,209.536,5.11
GLORIA,2024-06-12,112.15,215.337,3.7
GLORIA,2024-06-15,73.02,205.012,4.88
GLORIA,2024-06-19,75.19,206.41,3.72
GLORIA,2024-06-24,72.35,220.733,5.51
GLORIA,2024-06-24,108.88,221.436,2.56
GLORIA,2024-06-26,72.8,217.445,5.56
GLORIA,2024-06-27,110.91,227.752,4.52
GLORIA,2024-06-29,69.96,231.704,4.47
GLORIA,2024-06-29,110.91,220.9,3.22
GLORIA,2024-07-01,110.08,227.289,3.59
GLORIA,2024-07-01,70.11,230.78,1.95
GLORIA,2024-07-08,127.95,211.958,3.77
GLORIA,2024-07-13,69.9,230.901,4.51
GLORIA,2024-07-13,108.1,222.387,5.22
GLORIA,2024-07-12,119.97,216.971,4.54
GLORIA,2024-07-15,128.1,222.092,3.9
GLORIA,2024-07-15,130.84,227.071,4.42
GLORIA,2024-07-20,71.75,227.875,3.12
GLORIA,2024-07-21,127.66,240.874,4.75
GLORIA,2024-07-23,117.83,215.819,2.92
GLORIA,2024-07-24,114.35,215.216,3.89
GLORIA,2024-07-26,109.9,211.101,2.56
GLORIA,2024-07-28,106.83,215.295,2.38
GLORIA,2024-07-28,128.0,223.359,3.08
GLORIA,2024-07-29,123.64,211.906,3.26
GLORIA,2024-07-30,103.56,219.197,2.78
GLORIA,2024-07-31,117.05,224.69,2.93
GLORIA,2024-08-01,122.5,217.796,3.22
GLORIA,2024-08-08,110.78,202.203,3.28
GLORIA,2024-08-09,106.56,214.527,4.19
GLORIA,2024-08-10,125.36,215.699,3.97
GLORIA,2024-08-11,109.97,221.333,3.96
GLORIA,2024-08-12,116.71,220.975,4.05
GLORIA,2024-08-13,117.19,216.23,3.48
GLORIA,2024-08-17,115.11,210.842,2.72
GLORIA,2024-08-18,115.07,187.277,2.55
GLORIA,2021-09-02,71.0,255.352,3.42
GLORIA,2021-09-02,79.8,224.561,3.83
GLORIA,2021-09-06,115.0,244.348,3.84
GLORIA,2021-09-19,74.07,207.641,4.3
GLORIA,2022-01-13,113.0,260.0,4.58
GLORIA,2021-10-28,114.0,228.684,6.27
GLORIA,2025-04-05,117.09,230.079,4.06
GLORIA,2025-04-06,129.54,244.48,3.71
GLORIA,2025-04-07,120.95,228.69,5.38
GLORIA,2025-04-10,109.47,234.402,4.68
GLORIA,2025-04-10,114.2,230.385,4.34
GLORIA,2021-06-27,117.26,202.115,4.71
GLORIA,2021-06-30,113.0,235.221,3.45
GLORIA,2021-07-06,73.0,242.74,1.94
GLORIA,2021-07-08,104.92,244.377,2.87
GLORIA,2021-07-08,72.0,231.528,3.38
GLORIA,2021-07-09,72.8,228.022,2.42
GLORIA,2021-07-13,73.2,230.464,3.64
GLORIA,2021-07-17,115.96,222.232,4.0
GLORIA,2021-07-18,73.0,240.822,5.91
GLORIA,2021-07-23,72.91,218.077,1.33
GLORIA,2021-08-30,73.0,235.753,4.46
GLORIA,2021-09-01,112.5,264.622,3.16
GLORIA,2021-09-05,73.0,230.274,3.33
GLORIA,2021-09-06,106.0,237.453,4.6
GLORIA,2021-09-12,115.0,240.0,4.29
GLORIA,2021-10-04,113.5,232.863,5.73
GLORIA,2021-10-25,73.2,213.115,4.57
GLORIA,2021-10-28,72.7,199.725,5.11
GLORIA,2021-11-02,71.5,214.406,5.4
GLORIA,2021-11-04,70.05,214.847,3.37
GLORIA,2021-11-06,70.5,212.624,3.79
GLORIA,2021-11-18,117.0,222.393,7.69
GLORIA,2021-11-21,72.0,215.694,4.33
GLORIA,2021-11-23,111.0,239.73,4.52
GLORIA,2021-11-24,71.0,218.592,4.71
GLORIA,2021-11-26,115.0,230.87,5.15
GLORIA,2021-11-29,116.34,222.194,5.07
GLORIA,2021-12-07,114.1,222.962,4.54
GLORIA,2021-12-10,109.0,216.422,3.38
GLORIA,2021-12-13,115.0,204.783,5.71
GLORIA,2021-12-14,72.5,217.655,5.65
GLORIA,2021-12-16,115.11,232.734,6.05
GLORIA,2021-12-23,113.0,215.841,4.92
GLORIA,2021-12-24,126.6,219.589,5.59
GLORIA,2022-01-05,111.0,279.923,12.39
GLORIA,2022-01-09,109.2,291.392,7.56
GLORIA,2022-01-17,111.45,276.626,3.0
GLORIA,2022-01-22,110.0,276.818,6.22
GLORIA,2022-01-23,74.0,249.595,3.86
GLORIA,2022-01-28,73.5,251.701,6.47
GLORIA,2022-01-30,113.5,259.736,6.01
GLORIA,2022-02-04,114.1,253.725,8.44
GLORIA,2022-03-09,115.0,250.0,5.59
GLORIA,2022-06-24,126.09,225.553,5.82
GLORIA,2022-06-30,128.16,229.479,5.81
GLORIA,2022-07-02,127.56,220.994,3.46
GLORIA,2022-07-09,128.0,210.859,3.36
GLORIA,2022-07-14,126.5,224.19,4.55
GLORIA,2022-08-11,126.4,226.028,4.73
GLORIA,2022-08-14,111.79,223.544,2.61
GLORIA,2023-01-19,126.6,237.204,5.37
GLORIA,2023-02-04,122.03,247.644,5.71
GLORIA,2023-02-07,119.07,248.593,5.16
GLORIA,2023-02-08,125.85,280.731,4.99
GLORIA,2023-02-10,121.6,249.342,5.0
GLORIA,2023-02-10,126.32,231.951,6.07
GLORIA,2023-02-12,121.08,225.801,5.25
GLORIA,2023-02-15,125.59,238.395,3.93
GLORIA,2023-02-16,131.89,282.281,2.9
GLORIA,2023-02-18,122.24,255.072,7.43
GLORIA,2023-02-25,125.46,239.279,5.62
GLORIA,2023-02-25,119.65,264.187,6.29
GLORIA,2023-02-26,121.62,235.488,5.64
GLORIA,2023-02-26,126.38,232.236,4.1
GLORIA,2023-03-02,128.88,258.38,3.37
GLORIA,2023-05-18,80.34,231.516,5.62
GLORIA,2023-08-08,135.6,196.976,2.65
GLORIA,2023-08-14,135.15,226.563,3.37
GLORIA,2023-08-19,135.76,193.135,6.9
GLORIA,2023-08-24,131.07,184.405,3.69
GLORIA,2023-08-26,130.65,189.284,3.87
GLORIA,2023-08-29,130.53,206.696,3.22
GLORIA,2023-08-31,126.84,202.696,5.4
GLORIA,2023-12-24,116.1,256.934,5.69
GLORIA,2023-12-24,117.08,253.844,10.66
GLORIA,2023-12-24,125.96,281.756,5.73
GLORIA,2023-12-25,115.82,253.583,8.39
GLORIA,2023-12-24,136.49,251.74,6.07
GLORIA,2023-12-31,120.35,287.162,7.06
GLORIA,2023-12-31,118.0,237.966,4.22
GLORIA,2024-02-21,119.73,216.738,4.18
GLORIA,2025-04-11,131.16,229.643,3.92
GLORIA,2025-04-12,119.8,228.047,4.84
GLORIA,2025-04-13,114.7,230.689,5.42
GLORIA,2025-04-14,129.87,242.704,3.86
GLORIA,2025-04-15,130.07,253.402,4.64
GLORIA,2025-04-18,114.1,253.9,6.23
GLORIA,2025-04-21,131.5,254.297,5.76
GLORIA,2021-08-30,114.2,228.459,4.62
GLORIA,2021-09-02,113.0,261.858,4.73
GLORIA,2021-09-05,115.0,229.913,4.65
GLORIA,2021-09-06,117.5,230.894,4.01
GLORIA,2021-09-12,118.03,240.871,2.67
GLORIA,2021-09-18,115.64,219.647,3.61
GLORIA,2021-09-14,114.8,212.979,2.9
GLORIA,2021-09-21,112.5,238.844,5.18
GLORIA,2021-09-23,114.96,231.82,4.45
GLORIA,2021-09-26,115.0,240.957,2.91
GLORIA,2021-10-22,64.2,216.667,5.88
GLORIA,2021-10-26,112.9,262.356,4.46
GLORIA,2021-10-30,122.73,222.114,3.49
GLORIA,2021-11-03,122.5,228.163,2.17
GLORIA,2021-11-06,123.5,205.587,4.23
GLORIA,2021-11-15,118.0,228.644,5.72
GLORIA,2021-11-22,125.8,222.814,4.56
GLORIA,2021-11-25,124.5,219.116,3.16
GLORIA,2021-11-29,116.15,220.405,5.86
GLORIA,2021-12-05,121.0,217.521,5.1
GLORIA,2021-12-09,122.0,219.262,3.15
GLORIA,2021-12-12,126.0,215.794,4.47
GLORIA,2021-12-14,123.0,233.089,6.52
GLORIA,2021-12-17,124.28,233.505,5.89
GLORIA,2021-12-21,126.5,240.474,7.73
GLORIA,2021-12-28,125.0,223.68,4.11
GLORIA,2022-01-01,122.8,278.827,8.22
GLORIA,2022-01-03,122.3,281.684,8.1
GLORIA,2022-01-21,123.0,257.561,6.55
GLORIA,2022-01-26,125.0,258.72,4.23
GLORIA,2022-02-22,126.8,244.006,3.85
GLORIA,2022-04-20,126.05,240.222,4.18
GLORIA,2022-04-24,126.22,248.138,3.75
GLORIA,2022-05-28,127.0,237.402,3.66
GLORIA,2022-06-17,126.8,239.748,6.46
GLORIA,2022-06-21,127.6,240.282,5.21
GLORIA,2022-07-29,127.31,220.721,2.93
GLORIA,2022-09-13,126.3,241.251,3.36
GLORIA,2022-09-17,128.5,249.805,4.92
GLORIA,2022-09-21,128.6,257.854,4.73
GLORIA,2022-09-27,127.69,242.619,5.09
GLORIA,2022-10-22,126.28,232.341,4.52
GLORIA,2022-11-06,126.66,232.591,2.56
GLORIA,2022-11-13,126.8,242.902,3.99
GLORIA,2022-11-29,120.73,244.595,2.72
GLORIA,2022-12-01,126.09,257.039,2.76
GLORIA,2023-01-24,126.42,233.27,5.57
GLORIA,2023-02-06,126.06,240.124,4.77
GLORIA,2023-02-28,126.15,213.952,3.08
GLORIA,2023-03-03,126.3,239.272,3.38
GLORIA,2023-04-01,126.18,218.814,4.53
GLORIA,2023-04-07,126.04,234.767,4.16
GLORIA,2023-08-06,128.04,193.455,3.89
GLORIA,2023-08-19,126.24,191.698,6.12
GLORIA,2023-08-25,124.37,194.098,4.47
GLORIA,2023-09-26,126.14,182.099,3.8
GLORIA,2023-10-30,120.95,257.379,4.97
GLORIA,2023-12-26,131.69,258.182,6.11
GLORIA,2024-01-30,128.18,236.074,2.79
GLORIA,2024-02-01,126.32,234.642,3.03
GLORIA,2022-04-28,124.24,237.524,3.91
GLORIA,2023-11-24,121.74,254.641,6.13
GLORIA,2024-02-19,117.55,231.986,4.69
GLORIA,2024-02-28,121.07,229.867,6.46
GLORIA,2024-03-04,122.45,259.535,4.43
GLORIA,2024-03-04,117.81,256.515,5.04
GLORIA,2024-03-06,125.1,252.678,6.61
GLORIA,2024-03-08,123.7,226.273,5.56
GLORIA,2024-03-12,125.02,230.683,4.65
GLORIA,2024-03-16,124.6,222.953,4.67
GLORIA,2024-03-17,121.65,236.827,6.4
GLORIA,2024-03-23,121.06,239.716,4.56
GLORIA,2024-03-24,125.02,239.882,4.81
GLORIA,2024-03-26,121.45,228.901,5.37
GLORIA,2024-03-28,124.46,228.427,5.95
GLORIA,2024-04-01,119.25,232.872,4.39
GLORIA,2024-04-08,124.69,233.539,5.39
GLORIA,2024-04-08,121.74,216.527,5.51
GLORIA,2024-04-11,123.03,215.069,6.2
GLORIA,2024-04-13,120.14,209.089,5.67
GLORIA,2024-04-17,125.34,209.271,3.92
GLORIA,2024-04-18,122.1,215.479,6.87
GLORIA,2024-04-22,122.6,214.274,4.84
GLORIA,2024-04-23,121.05,215.366,4.09
GLORIA,2024-04-26,124.14,208.958,4.52
GLORIA,2024-04-27,121.15,209.162,5.3
GLORIA,2024-04-29,123.59,226.556,2.71
GLORIA,2024-05-03,117.94,216.466,4.11
GLORIA,2024-05-05,125.72,208.161,3.82
GLORIA,2025-04-25,113.61,234.134,7.41
GLORIA,2022-03-20,112.15,258.226,6.56
GLORIA,2023-08-31,70.19,210.286,3.77
GLORIA,2024-02-18,122.51,233.124,5.54
GLORIA,2024-02-18,113.34,230.281,5.73
GLORIA,2024-02-19,114.46,208.195,3.92
GLORIA,2024-02-23,113.6,225.352,4.76
GLORIA,2024-02-25,119.95,241.267,4.79
GLORIA,2024-02-26,124.15,235.522,5.26
GLORIA,2024-02-28,113.6,222.007,6.07
GLORIA,2024-03-09,69.89,240.95,2.99
GLORIA,2024-03-09,121.41,226.917,4.54
GLORIA,2024-03-13,121.08,220.763,3.04
GLORIA,2024-03-21,110.55,220.443,5.35
GLORIA,2024-03-25,108.81,229.942,5.73
GLORIA,2024-03-28,115.1,212.858,4.83
GLORIA,2024-04-03,124.28,213.228,5.53
GLORIA,2024-04-07,115.22,215.327,3.76
GLORIA,2024-04-10,114.12,225.289,3.37
GLORIA,2024-04-14,113.25,206.093,6.02
GLORIA,2024-04-20,112.88,216.69,3.74
GLORIA,2024-04-25,114.65,208.897,3.22
GLORIA,2024-04-28,110.91,208.547,5.6
GLORIA,2024-04-30,118.58,218.671,3.59
GLORIA,2024-05-02,115.54,206.768,4.19
GLORIA,2024-05-04,124.75,212.906,4.32
GLORIA,2024-05-05,115.07,208.916,6.09
GLORIA,2024-05-06,118.8,215.067,2.93
GLORIA,2024-05-06,116.52,207.947,3.58
GLORIA,2025-04-26,117.36,244.121,5.21
GLORIA,2025-04-28,128.45,252.005,4.88
GLORIA,2025-05-02,115.41,229.01,4.66
GLORIA,2025-05-03,133.9,234.205,4.94
GLORIA,2025-05-04,109.0,239.817,3.49
GLORIA,2025-05-05,132.8,238.554,3.74
GLORIA,2025-05-06,114.17,241.394,3.08
GLORIA,2025-05-07,108.28,238.271,2.92
GLORIA,2024-03-08,124.2,260.064,4.62
GLORIA,2025-05-08,134.05,233.271,4.0
GLORIA,2025-05-09,119.1,245.592,4.84
GLORIA,2025-05-12,115.0,240.87,5.11
GLORIA,2025-05-14,120.73,225.13,4.39
GLORIA,2025-05-16,131.15,240.259,4.71
GLORIA,2025-05-17,109.65,237.027,5.66
GLORIA,2025-05-18,114.4,240.035,3.96
GLORIA,2025-05-19,128.2,230.811,4.07
GLORIA,2025-05-21,108.28,234.946,2.71
GLORIA,2025-05-23,118.62,229.978,4.6
GLORIA,2025-05-24,115.55,223.799,4.33
GLORIA,2025-05-27,127.77,237.067,3.33
GLORIA,2025-05-28,111.55,213.716,4.68
GLORIA,2025-05-29,119.87,224.994,4.1
GLORIA,2025-05-31,132.38,236.592,3.96
GLORIA,2025-05-31,114.76,237.365,4.33
GLORIA,2025-06-03,120.2,232.446,4.41
GLORIA,2025-06-04,115.37,266.62,4.37
GLORIA,2025-06-05,132.8,262.801,3.21
GLORIA,2025-06-06,119.22,254.236,4.06
GLORIA,2025-06-07,116.9,242.515,3.65
GLORIA,2025-06-12,115.36,230.496,3.76
GLORIA,2025-06-14,120.96,235.863,3.3
GLORIA,2025-06-14,115.9,223.814,3.66
GLORIA,2025-06-16,117.25,233.518,5.07
GLORIA,2025-06-19,109.37,244.4,4.03
GLORIA,2025-06-19,116.85,230.039,4.53
GLORIA,2025-06-21,132.8,236.145,3.52
GLORIA,2025-06-22,114.01,227.612,3.27
GLORIA,2025-06-23,134.48,242.118,4.62
GLORIA,2025-06-24,113.67,262.778,8.74
GLORIA,2025-06-25,129.04,265.499,10.68
GLORIA,2025-06-27,116.95,233.861,4.92
