Numero,DataEntrada,FazendaNome,PlacaVeiculo,MotoristaVeiculo,Metragem,DensidadeSeca,RiscoCarga,ALERTA_GRAVE,ObservacaoQualitativa
16267,2023-08-18,GLORIA,1927,150.0,117.64,173.835,6,True,
12626,2022-06-10,GLORIA,1927,150.0,120.67,169.305,6,True,
19767,2024-09-04,GLORIA,2350,1517.0,117.3,167.093,6,True,
19768,2024-09-04,GLORIA,7727,149.0,113.47,173.438,4,True,
16317,2023-08-23,GLORIA,2413,2921.0,113.52,173.978,4,True,
19787,2024-09-06,GLORIA,7646,2921.0,108.8,172.518,4,True,
16097,2023-07-29,GLORIA,1927,150.0,121.25,193.485,4,True,
16181,2023-08-08,GLORIA,812,5226.0,72.57,192.09,4,True,
16534,2023-09-17,GLORIA,1927,150.0,120.8,177.732,3,True,
16046,2023-07-23,GLORIA,2413,2921.0,112.57,194.546,3,True,
10889,2021-10-28,GLORIA,812,5014.0,72.7,199.725,3,True,
16088,2023-07-28,GLORIA,2413,2921.0,114.25,195.536,3,True,
16168,2023-08-06,GLORIA,2350,1517.0,128.04,193.455,3,True,
20447,2024-11-14,MATA VERDE,7915,5865.0,114.0,196.754,3,True,
22441,2025-06-28,MATA VERDE,2350,1517.0,125.26,182.66,3,True,
19612,2024-08-18,GLORIA,7646,2921.0,115.07,187.277,3,True,
16410,2023-09-01,GLORIA,812,5425.0,69.0,199.565,3,True,
17480,2023-12-28,GLORIA,2350,1517.0,125.54,236.897,2,True,
22015,2025-05-14,GLORIA,7646,2921.0,120.73,225.13,2,True,
16500,2023-09-14,GLORIA,812,5425.0,72.87,187.32,2,True,
16344,2023-08-25,GLORIA,1927,150.0,120.71,185.403,2,True,
22391,2025-06-23,PROTEÇÃO,7650,1517.0,114.49,287.012,2,True,
21687,2025-04-06,MATA VERDE,356,184.0,116.4,191.667,2,True,
15048,2023-04-01,GLORIA,2350,1517.0,126.18,218.814,2,True,
21369,2025-03-03,MATA VERDE,356,184.0,114.1,194.566,2,True,
16717,2023-10-05,GLORIA,2413,2921.0,113.0,175.133,2,True,
21497,2025-03-16,GLORIA,2350,1517.0,127.35,243.659,2,True,
21515,2025-03-18,GLORIA,2350,1517.0,130.71,223.931,2,True,
20316,2024-11-01,MATA VERDE,356,184.0,108.6,190.608,2,True,
21545,2025-03-21,GLORIA,2350,1517.0,130.73,233.841,2,True,
16638,2023-09-27,GLORIA,1927,150.0,121.68,185.076,2,True,
14802,2023-02-27,GLORIA,1927,150.0,121.1,229.81,2,True,
18142,2024-03-09,GLORIA,1927,150.0,121.41,226.917,2,True,
16808,2023-10-15,GLORIA,1927,150.0,121.45,187.073,2,True,
19855,2024-09-12,MATA VERDE,7646,2921.0,107.4,204.562,2,True,
19737,2024-08-30,GLORIA,7727,149.0,113.97,196.104,2,True,
20070,2024-10-05,MATA VERDE,7915,5865.0,120.0,196.417,2,True,
16586,2023-09-22,GLORIA,1927,150.0,121.9,187.777,2,True,
16066,2023-07-26,GLORIA,2350,1517.0,125.29,207.04,2,True,
19848,2024-09-12,MATA VERDE,2350,1517.0,129.7,246.646,2,True,
10843,2021-10-22,GLORIA,992,1517.0,56.2,251.246,2,True,
20325,2024-11-02,GLORIA,2350,1517.0,117.1,239.795,2,True,
20291,2024-10-29,GLORIA,2350,1517.0,115.07,272.182,2,True,
16115,2023-07-31,GLORIA,1927,150.0,120.76,209.506,2,True,
20912,2025-01-09,GLORIA,7646,2921.0,112.4,202.669,2,True,
11366,2022-01-01,GLORIA,2350,1517.0,122.8,278.827,2,True,
20467,2024-11-16,GLORIA,7727,149.0,115.17,211.513,2,True,
16286,2023-08-19,GLORIA,2350,1517.0,126.24,191.698,2,True,
20859,2025-01-03,GLORIA,6752,199.0,109.7,276.208,2,True,
16187,2023-08-09,GLORIA,2350,1517.0,123.2,183.198,2,True,
19909,2024-09-12,MATA VERDE,2350,1517.0,113.7,281.354,2,True,
16255,2023-08-17,GLORIA,2350,1517.0,122.15,264.756,2,True,
19741,2024-08-30,GLORIA,2350,1517.0,122.99,197.577,2,True,
20295,2024-10-29,MATA VERDE,7915,5865.0,117.14,272.068,2,True,
16243,2023-08-15,GLORIA,60,149.0,78.21,207.774,2,True,
16089,2023-07-28,GLORIA,2350,1517.0,125.04,239.683,2,True,
16028,2023-07-21,GLORIA,60,149.0,79.25,217.666,2,True,
16285,2023-08-19,GLORIA,60,149.0,78.88,189.275,2,True,
20354,2024-11-05,MATA VERDE,7915,5865.0,115.3,232.697,2,True,
16244,2023-08-16,GLORIA,1927,150.0,120.76,251.656,2,True,
16865,2023-10-21,GLORIA,2350,1517.0,123.3,238.848,2,True,
22142,2025-05-29,GLORIA,7650,2921.0,119.87,224.994,1,False,
22089,2025-05-23,GLORIA,7650,2921.0,118.62,229.978,1,False,
22314,2025-06-15,PROTEÇÃO,7650,2921.0,117.67,287.159,1,False,
21982,2025-05-09,GLORIA,7650,2921.0,119.1,245.592,1,False,
10888,2021-10-28,GLORIA,2413,2921.0,114.0,228.684,1,False,
18125,2024-03-08,GLORIA,7716,4236.0,124.2,260.064,1,False,
21987,2025-05-10,PROTEÇÃO,7646,2921.0,109.2,274.542,1,False,
21900,2025-05-01,PROTEÇÃO,7646,2921.0,107.78,300.241,1,False,
11248,2021-12-16,GLORIA,2413,2921.0,115.11,232.734,1,False,
11394,2022-01-05,GLORIA,2413,2921.0,111.0,279.923,1,False,
22373,2025-06-21,PROTEÇÃO,7646,2921.0,110.7,240.108,1,False,
16275,2023-08-19,GLORIA,812,1815.0,72.64,197.963,1,False,
10023,2021-06-30,GLORIA,2413,2921.0,113.0,235.221,1,False,
21126,2025-02-03,MATA VERDE,1866,2370.0,111.55,197.323,1,False,
16461,2023-09-11,GLORIA,2350,1517.0,124.4,189.952,1,False,
16430,2023-09-03,GLORIA,2350,1517.0,121.1,199.835,1,False,
21157,2025-02-07,MATA VERDE,8011,1713.0,124.2,247.424,1,False,
16368,2023-08-28,GLORIA,2350,1517.0,125.35,191.225,1,False,
20153,2024-10-14,GLORIA,812,5149.0,70.1,221.541,1,False,
16338,2023-08-25,GLORIA,812,1517.0,72.23,187.872,1,False,
11639,2022-02-08,GLORIA,812,5014.0,64.0,274.844,1,False,
16337,2023-08-25,GLORIA,2350,1517.0,124.37,194.098,1,False,
11468,2022-01-15,GLORIA,812,5014.0,68.5,279.416,1,False,
16127,2023-08-02,GLORIA,2350,1517.0,125.34,212.622,1,False,
10868,2021-10-25,GLORIA,812,5014.0,73.2,213.115,1,False,
14815,2023-03-02,GLORIA,6812,4964.0,128.88,258.38,1,False,
14797,2023-02-27,GLORIA,6812,4964.0,122.75,275.601,1,False,
14662,2023-02-08,GLORIA,6812,4964.0,125.85,280.731,1,False,
10596,2021-09-19,GLORIA,812,4961.0,74.07,207.641,1,False,
21752,2025-04-14,MATA VERDE,8011,1713.0,124.27,198.922,1,False,
21839,2025-04-23,MATA VERDE,8011,1713.0,123.5,195.951,1,False,
15530,2023-05-29,GLORIA,2350,1517.0,124.1,261.644,1,False,
11458,2022-01-13,GLORIA,2413,2921.0,113.0,260.0,1,False,
21605,2025-03-28,PROTEÇÃO,7889,1903.0,126.59,300.419,1,False,
19757,2024-09-03,MATA VERDE,7898,4605.0,119.68,199.532,1,False,
14736,2023-02-16,GLORIA,2413,2921.0,113.6,229.489,1,False,
14655,2023-02-08,GLORIA,6151,4568.0,125.88,238.481,1,False,
10489,2021-09-01,GLORIA,4126,1996.0,99.0,269.091,1,False,
14804,2023-02-28,GLORIA,2350,1517.0,126.15,213.952,1,False,
15552,2023-06-01,GLORIA,1927,150.0,120.37,287.115,1,False,
22332,2025-06-17,MATA VERDE,7898,6155.0,118.54,195.799,1,False,
21231,2025-02-15,GLORIA,7646,2921.0,112.52,214.895,1,False,
11819,2022-03-03,GLORIA,2413,2921.0,114.8,237.892,1,False,
16503,2023-09-14,GLORIA,2413,2921.0,113.95,195.612,1,False,
22219,2025-06-05,MATA VERDE,356,184.0,112.65,191.656,1,False,
16479,2023-09-12,GLORIA,2413,2921.0,114.0,194.825,1,False,
22365,2025-06-20,MATA VERDE,356,184.0,112.65,181.536,1,False,
22444,2025-06-29,MATA VERDE,356,184.0,109.35,197.897,1,False,
16232,2023-08-14,GLORIA,7432,197.0,135.15,226.563,1,False,
16443,2023-09-07,GLORIA,2413,2921.0,113.55,186.526,1,False,
16416,2023-09-01,GLORIA,2413,2921.0,113.21,186.909,1,False,
16367,2023-08-27,GLORIA,2413,2921.0,115.07,185.8,1,False,
16341,2023-08-25,GLORIA,2413,2921.0,114.18,178.49,1,False,
16169,2023-08-06,GLORIA,2413,2921.0,115.25,199.826,1,False,
16065,2023-07-25,GLORIA,2413,2921.0,113.07,206.686,1,False,
20092,2024-10-07,MATA VERDE,6752,199.0,107.0,195.701,1,False,
15986,2023-07-17,GLORIA,2413,2921.0,113.08,251.592,1,False,
15584,2023-06-03,GLORIA,2413,2921.0,113.76,246.572,1,False,
20893,2025-01-06,GLORIA,6752,199.0,108.92,233.566,1,False,
11683,2022-02-13,GLORIA,2350,1517.0,124.3,240.225,1,False,
21521,2025-03-19,GLORIA,6752,199.0,110.1,246.866,1,False,
22347,2025-06-19,GLORIA,6752,199.0,109.37,244.4,1,False,
10497,2021-09-02,GLORIA,2350,1517.0,113.0,261.858,1,False,
10523,2021-09-05,GLORIA,2350,1517.0,115.0,229.913,1,False,
10618,2021-09-21,GLORIA,2350,1517.0,112.5,238.844,1,False,
14803,2023-02-27,GLORIA,2413,2921.0,115.04,219.315,1,False,
10873,2021-10-26,GLORIA,2350,1517.0,112.9,262.356,1,False,
10908,2021-10-30,GLORIA,2350,1517.0,122.73,222.114,1,False,
16524,2023-09-17,GLORIA,2413,2921.0,113.1,197.79,1,False,
21514,2025-03-18,MATA VERDE,356,184.0,113.74,196.94,1,False,
16542,2023-09-18,GLORIA,2413,2921.0,113.43,186.547,1,False,
16659,2023-09-29,GLORIA,1927,150.0,120.0,194.0,1,False,
16052,2023-07-24,GLORIA,1927,150.0,121.7,251.52,1,False,
16082,2023-07-27,GLORIA,1927,150.0,121.26,258.123,1,False,
16177,2023-08-07,GLORIA,1927,150.0,122.2,199.018,1,False,
16287,2023-08-19,GLORIA,1927,150.0,120.91,189.645,1,False,
16407,2023-08-31,GLORIA,1927,150.0,121.25,191.753,1,False,
16447,2023-09-08,GLORIA,1927,150.0,121.45,195.307,1,False,
13606,2022-09-29,GLORIA,2350,1517.0,125.17,272.66,1,False,
16509,2023-09-15,GLORIA,1927,150.0,118.98,195.747,1,False,
16573,2023-09-21,GLORIA,1927,150.0,121.66,190.778,1,False,
16527,2023-09-17,GLORIA,2350,1517.0,123.08,196.214,1,False,
16617,2023-09-25,GLORIA,1927,150.0,122.03,192.412,1,False,
16697,2023-10-02,GLORIA,1927,150.0,121.36,190.837,1,False,
16652,2023-09-29,GLORIA,2413,2921.0,112.62,184.337,1,False,
16898,2023-10-24,GLORIA,1927,150.0,121.22,230.325,1,False,
16960,2023-10-30,GLORIA,1927,150.0,120.95,257.379,1,False,
17953,2024-02-18,GLORIA,1927,150.0,119.76,217.852,1,False,
12634,2022-06-11,GLORIA,2350,1517.0,121.31,248.949,1,False,
17885,2024-02-11,GLORIA,7646,2921.0,114.18,223.069,1,False,
21183,2025-02-09,GLORIA,7727,150.0,120.5,207.386,1,False,
21428,2025-03-09,GLORIA,7727,150.0,117.46,234.378,1,False,
22279,2025-06-12,GLORIA,7727,150.0,115.36,230.496,1,False,
16921,2023-10-27,GLORIA,2413,2921.0,113.68,240.764,1,False,
16772,2023-10-12,GLORIA,2413,2921.0,115.3,186.557,1,False,
16743,2023-10-09,GLORIA,2413,2921.0,115.8,186.615,1,False,
16486,2023-09-13,GLORIA,2350,1517.0,124.1,196.535,1,False,
10968,2021-11-06,GLORIA,2350,1517.0,123.5,205.587,1,False,
21474,2025-03-14,PROTEÇÃO,812,5149.0,66.3,290.498,1,False,
17990,2024-02-22,GLORIA,2350,1517.0,124.81,221.457,1,False,
16829,2023-10-18,GLORIA,812,5425.0,72.36,194.444,1,False,
16559,2023-09-20,GLORIA,2350,1517.0,123.76,181.884,1,False,
16725,2023-10-06,GLORIA,812,5425.0,73.08,192.392,1,False,
20041,2024-10-01,GLORIA,7727,149.0,119.15,202.182,1,False,
16631,2023-09-27,GLORIA,812,5425.0,72.62,188.791,1,False,
20173,2024-10-16,GLORIA,7727,149.0,115.99,198.293,1,False,
16598,2023-09-24,GLORIA,812,5425.0,72.6,182.645,1,False,
16583,2023-09-22,GLORIA,812,5425.0,72.86,181.581,1,False,
16543,2023-09-18,GLORIA,812,5425.0,72.27,182.233,1,False,
16517,2023-09-16,GLORIA,812,5425.0,73.1,199.179,1,False,
20302,2024-10-30,GLORIA,7727,149.0,115.0,210.435,1,False,
20330,2024-11-03,GLORIA,7727,149.0,118.2,202.2,1,False,
21896,2025-05-01,PROTEÇÃO,7650,1517.0,112.97,319.908,1,False,
21914,2025-05-03,GLORIA,2350,1517.0,133.9,234.205,1,False,
14664,2023-02-09,GLORIA,7117,5394.0,117.05,248.27,1,False,
21948,2025-05-06,PROTEÇÃO,2350,1517.0,125.26,292.831,1,False,
20911,2025-01-09,GLORIA,7727,149.0,117.53,236.11,1,False,
21970,2025-05-08,GLORIA,2350,1517.0,134.05,233.271,1,False,
14730,2023-02-16,GLORIA,6842,5288.0,131.89,282.281,1,False,
14548,2023-01-26,GLORIA,6842,5288.0,118.25,269.937,1,False,
22215,2025-06-05,GLORIA,2350,1517.0,132.8,262.801,1,False,
18259,2024-03-24,GLORIA,2350,1517.0,125.02,239.882,1,False,
14796,2023-02-26,GLORIA,6773,5229.0,126.38,232.236,1,False,
22392,2025-06-23,GLORIA,2350,1517.0,134.48,242.118,1,False,
16164,2023-08-06,GLORIA,812,5226.0,72.16,228.659,1,False,
16952,2023-10-30,GLORIA,812,5425.0,71.52,257.97,1,False,
19808,2024-09-08,GLORIA,7727,149.0,116.4,192.955,1,False,
19719,2024-08-28,GLORIA,7727,149.0,110.77,238.422,1,False,
19532,2024-08-10,GLORIA,7889,5755.0,125.36,215.699,1,False,
22179,2025-06-02,MATA VERDE,7889,6123.0,124.08,215.946,1,False,
17511,2023-12-31,GLORIA,7593,147.0,111.63,238.466,1,False,
10495,2021-09-02,GLORIA,60,149.0,79.8,224.561,1,False,
20865,2025-01-03,GLORIA,2350,1517.0,129.33,265.058,1,False,
20242,2024-10-23,GLORIA,2350,1517.0,115.16,206.582,1,False,
21662,2025-04-03,MATA VERDE,7898,6003.0,117.4,234.838,1,False,
19884,2024-09-15,GLORIA,2350,1517.0,118.08,222.476,1,False,
19798,2024-09-07,GLORIA,2350,1517.0,117.46,186.021,1,False,
21091,2025-01-30,GLORIA,2350,1517.0,134.0,250.672,1,False,
19572,2024-08-14,GLORIA,2350,1517.0,122.15,195.006,1,False,
21255,2025-02-18,GLORIA,2350,1517.0,136.25,218.936,1,False,
19297,2024-07-15,GLORIA,6842,5755.0,130.84,227.071,1,False,
17181,2023-11-24,GLORIA,812,5425.0,71.18,224.501,1,False,
18901,2024-06-03,GLORIA,6842,5755.0,127.49,222.057,1,False,
21350,2025-02-28,PROTEÇÃO,2350,1517.0,121.49,275.084,1,False,
21366,2025-03-02,PROTEÇÃO,2350,1517.0,121.5,308.395,1,False,
17509,2023-12-31,GLORIA,7584,5686.0,130.0,280.928,1,False,
21425,2025-03-09,PROTEÇÃO,2350,1517.0,120.02,303.533,1,False,
16185,2023-08-08,GLORIA,7392,5573.0,135.6,196.976,1,False,
21482,2025-03-15,PROTEÇÃO,7650,1517.0,112.97,287.51,1,False,
21516,2025-03-18,PROTEÇÃO,7650,1517.0,115.63,281.242,1,False,
21526,2025-03-20,PROTEÇÃO,2350,1517.0,122.75,282.2,1,False,
21644,2025-04-01,GLORIA,7650,1517.0,119.05,228.811,1,False,
19588,2024-08-15,GLORIA,7727,149.0,115.34,197.676,1,False,
22407,2025-06-24,PROTEÇÃO,7650,1517.0,115.07,307.552,1,False,
16749,2023-10-10,GLORIA,812,5425.0,73.49,197.578,1,False,
22429,2025-06-27,GLORIA,7727,149.0,116.95,233.861,1,False,
12966,2022-07-19,GLORIA,812,5210.0,72.0,219.861,1,False,
22205,2025-06-04,GLORIA,7727,149.0,115.37,266.62,1,False,
22404,2025-06-24,GLORIA,7727,149.0,113.67,262.778,1,False,
12906,2022-07-12,GLORIA,812,5210.0,72.0,228.194,1,False,
16333,2023-08-24,GLORIA,7393,5223.0,131.07,184.405,1,False,
10508,2021-09-04,GLORIA,1927,150.0,114.0,253.246,1,False,
12647,2022-06-12,GLORIA,1927,150.0,122.2,240.262,1,False,
16792,2023-10-14,GLORIA,2350,1517.0,125.07,191.813,1,False,
12876,2022-07-09,GLORIA,812,5210.0,70.0,222.429,1,False,
16723,2023-10-06,GLORIA,2350,1517.0,125.0,196.8,1,False,
17459,2023-12-26,GLORIA,2350,1517.0,125.2,276.677,1,False,
16653,2023-09-29,GLORIA,2350,1517.0,125.34,190.203,1,False,
12428,2022-05-17,GLORIA,1927,150.0,121.32,256.841,1,False,
16621,2023-09-26,GLORIA,2350,1517.0,126.14,182.099,1,False,
15242,2023-04-26,GLORIA,812,5226.0,73.11,257.831,1,False,
20855,2025-01-02,MATA VERDE,8011,1713.0,118.8,244.865,1,False,
16601,2023-09-24,GLORIA,2350,1517.0,122.73,198.647,1,False,
16752,2023-10-10,GLORIA,2350,1517.0,122.8,193.078,1,False,
13690,2022-10-09,GLORIA,2413,2921.0,115.07,229.686,0,False,
21568,2025-03-24,GLORIA,2350,1517.0,135.31,234.203,0,False,
20921,2025-01-10,MATA VERDE,8011,1713.0,121.6,225.74,0,False,
13655,2022-10-06,GLORIA,2413,2921.0,113.98,240.13,0,False,
21523,2025-03-19,MATA VERDE,8011,1713.0,122.33,216.464,0,False,
13709,2022-10-12,GLORIA,2413,2921.0,116.52,241.589,0,False,
13746,2022-10-16,GLORIA,2413,2921.0,115.8,223.402,0,False,
13777,2022-10-19,GLORIA,2413,2921.0,113.98,240.218,0,False,
21478,2025-03-14,MATA VERDE,8011,1713.0,121.55,209.708,0,False,
21402,2025-03-06,MATA VERDE,8011,1713.0,120.0,216.083,0,False,
21462,2025-03-13,PROTEÇÃO,2350,1517.0,122.33,319.067,0,False,
21353,2025-03-01,MATA VERDE,8011,1713.0,121.15,230.128,0,False,
21311,2025-02-25,MATA VERDE,8011,1713.0,120.48,231.076,0,False,
21408,2025-03-07,PROTEÇÃO,2350,1517.0,120.9,332.443,0,False,
21596,2025-03-27,GLORIA,2350,1517.0,127.5,241.412,0,False,
13576,2022-09-25,GLORIA,2413,2921.0,113.61,240.384,0,False,
13610,2022-09-30,GLORIA,2413,2921.0,112.88,256.201,0,False,
13153,2022-08-11,GLORIA,2413,2921.0,112.99,241.178,0,False,
12713,2022-06-20,GLORIA,2413,2921.0,114.0,231.579,0,False,
12737,2022-06-23,GLORIA,2413,2921.0,111.43,233.959,0,False,
21727,2025-04-11,GLORIA,2350,1517.0,131.16,229.643,0,False,
12770,2022-06-27,GLORIA,2413,2921.0,113.9,223.881,0,False,
12976,2022-07-20,GLORIA,2413,2921.0,110.0,236.091,0,False,
13004,2022-07-23,GLORIA,2413,2921.0,112.1,221.677,0,False,
13029,2022-07-27,GLORIA,2413,2921.0,112.88,217.488,0,False,
13065,2022-07-31,GLORIA,2413,2921.0,108.88,224.192,0,False,
21696,2025-04-07,GLORIA,2350,1517.0,120.95,228.69,0,False,
13127,2022-08-07,GLORIA,2413,2921.0,112.88,226.524,0,False,
13184,2022-08-14,GLORIA,2413,2921.0,111.79,223.544,0,False,
13599,2022-09-28,GLORIA,2413,2921.0,111.79,259.147,0,False,
13212,2022-08-17,GLORIA,2413,2921.0,112.95,229.305,0,False,
13235,2022-08-20,GLORIA,2413,2921.0,115.0,223.565,0,False,
21660,2025-04-03,GLORIA,7650,1517.0,121.86,233.054,0,False,
13303,2022-08-27,GLORIA,2413,2921.0,112.52,233.203,0,False,
13326,2022-08-30,GLORIA,2413,2921.0,112.99,231.082,0,False,
13356,2022-09-02,GLORIA,2413,2921.0,112.0,239.107,0,False,
13453,2022-09-13,GLORIA,2413,2921.0,112.17,238.121,0,False,
13502,2022-09-18,GLORIA,2413,2921.0,112.5,243.911,0,False,
13526,2022-09-21,GLORIA,2413,2921.0,112.91,246.302,0,False,
21372,2025-03-03,PROTEÇÃO,2350,1517.0,119.39,302.649,0,False,
21383,2025-03-04,PROTEÇÃO,2350,1517.0,121.34,307.153,0,False,
21049,2025-01-24,MATA VERDE,8011,1713.0,117.67,229.2,0,False,
20953,2025-01-14,MATA VERDE,8011,1713.0,117.04,218.045,0,False,
14418,2023-01-10,GLORIA,2413,2921.0,113.88,229.891,0,False,
14155,2022-12-03,GLORIA,2413,2921.0,115.72,230.384,0,False,
14187,2022-12-07,GLORIA,2413,2921.0,114.08,232.205,0,False,
14214,2022-12-11,GLORIA,2413,2921.0,109.24,231.783,0,False,
20920,2025-01-10,GLORIA,2350,1517.0,133.3,221.755,0,False,
14238,2022-12-15,GLORIA,2413,2921.0,113.0,233.186,0,False,
14261,2022-12-18,GLORIA,2413,2921.0,113.25,247.77,0,False,
20904,2025-01-07,GLORIA,2350,1517.0,133.35,233.371,0,False,
14381,2023-01-05,GLORIA,2413,2921.0,113.25,248.477,0,False,
14404,2023-01-08,GLORIA,2413,2921.0,114.7,241.151,0,False,
14442,2023-01-13,GLORIA,2413,2921.0,112.52,227.248,0,False,
20975,2025-01-16,MATA VERDE,8011,1713.0,124.2,202.013,0,False,
20877,2025-01-05,GLORIA,2350,1517.0,130.2,239.017,0,False,
14461,2023-01-15,GLORIA,2413,2921.0,113.11,235.877,0,False,
14530,2023-01-24,GLORIA,2413,2921.0,112.88,221.828,0,False,
14576,2023-01-29,GLORIA,2413,2921.0,114.08,242.987,0,False,
14598,2023-01-31,GLORIA,2413,2921.0,112.8,239.096,0,False,
14670,2023-02-09,GLORIA,2413,2921.0,113.03,250.464,0,False,
20799,2024-12-23,GLORIA,2350,1517.0,115.52,226.714,0,False,
20541,2024-11-24,GLORIA,2350,1517.0,117.36,215.15,0,False,
14694,2023-02-11,GLORIA,2413,2921.0,113.24,232.868,0,False,
14099,2022-11-26,GLORIA,2413,2921.0,115.8,228.67,0,False,
20936,2025-01-12,GLORIA,2350,1517.0,130.5,236.245,0,False,
20958,2025-01-15,GLORIA,2350,1517.0,131.0,229.313,0,False,
14076,2022-11-23,GLORIA,2413,2921.0,113.25,235.85,0,False,
21261,2025-02-19,MATA VERDE,8011,1713.0,122.33,223.167,0,False,
21336,2025-02-27,GLORIA,2350,1517.0,136.55,214.061,0,False,
12669,2022-06-15,GLORIA,2413,2921.0,110.6,238.788,0,False,
21282,2025-02-22,GLORIA,2350,1517.0,131.85,227.835,0,False,
21209,2025-02-14,GLORIA,2350,1517.0,125.4,250.08,0,False,
21254,2025-02-14,GLORIA,2350,1517.0,133.4,235.082,0,False,
21160,2025-02-07,GLORIA,2350,1517.0,130.19,229.05,0,False,
21124,2025-02-02,GLORIA,2350,1517.0,131.0,235.725,0,False,
13809,2022-10-22,GLORIA,2413,2921.0,114.02,232.854,0,False,
21059,2025-01-26,GLORIA,2350,1517.0,133.95,215.901,0,False,
13840,2022-10-25,GLORIA,2413,2921.0,113.43,221.987,0,False,
21024,2025-01-22,GLORIA,2350,1517.0,133.25,230.769,0,False,
13869,2022-10-28,GLORIA,2413,2921.0,112.52,235.247,0,False,
13947,2022-11-06,GLORIA,2413,2921.0,113.11,235.7,0,False,
13978,2022-11-11,GLORIA,2413,2921.0,113.25,231.435,0,False,
14005,2022-11-15,GLORIA,2413,2921.0,111.92,241.601,0,False,
14029,2022-11-18,GLORIA,2413,2921.0,113.61,242.76,0,False,
14053,2022-11-20,GLORIA,2413,2921.0,113.65,227.365,0,False,
20990,2025-01-18,GLORIA,2350,1517.0,132.24,228.902,0,False,
12696,2022-06-18,GLORIA,2413,2921.0,114.0,243.246,0,False,
10524,2021-09-06,GLORIA,4126,1996.0,106.0,237.453,0,False,
12643,2022-06-12,GLORIA,2413,2921.0,112.2,240.018,0,False,
11423,2022-01-09,GLORIA,2413,2921.0,109.2,291.392,0,False,
11090,2021-11-23,GLORIA,2413,2921.0,111.0,239.73,0,False,
20630,2024-12-04,MATA VERDE,8011,1713.0,120.0,214.583,0,False,
11117,2021-11-26,GLORIA,2413,2921.0,115.0,230.87,0,False,
11137,2021-11-29,GLORIA,2413,2921.0,116.34,222.194,0,False,
11176,2021-12-07,GLORIA,2413,2921.0,114.1,222.962,0,False,
11204,2021-12-10,GLORIA,2413,2921.0,109.0,216.422,0,False,
11227,2021-12-13,GLORIA,2413,2921.0,115.0,204.783,0,False,
22197,2025-06-03,GLORIA,7650,1517.0,120.2,232.446,0,False,
11300,2021-12-23,GLORIA,2413,2921.0,113.0,215.841,0,False,
21672,2025-04-04,PROTEÇÃO,7889,1903.0,125.3,281.405,0,False,
11438,2022-01-11,GLORIA,2413,2921.0,114.5,287.511,0,False,
11777,2022-02-25,GLORIA,2413,2921.0,115.0,242.348,0,False,
22168,2025-05-31,GLORIA,2350,1517.0,132.38,236.592,0,False,
22125,2025-05-27,GLORIA,2350,1517.0,127.77,237.067,0,False,
11488,2022-01-17,GLORIA,2413,2921.0,111.45,276.626,0,False,
11533,2022-01-22,GLORIA,2413,2921.0,110.0,276.818,0,False,
11565,2022-01-28,GLORIA,2413,2921.0,111.3,257.951,0,False,
22061,2025-05-19,GLORIA,2350,1517.0,128.2,230.811,0,False,
11587,2022-01-30,GLORIA,2413,2921.0,113.5,259.736,0,False,
11603,2022-02-04,GLORIA,2413,2921.0,114.1,253.725,0,False,
11628,2022-02-07,GLORIA,2413,2921.0,112.2,245.544,0,False,
11696,2022-02-15,GLORIA,2413,2921.0,112.5,247.467,0,False,
11070,2021-11-18,GLORIA,2413,2921.0,117.0,222.393,0,False,
20605,2024-12-02,MATA VERDE,8011,1713.0,118.85,207.32,0,False,
22227,2025-06-06,GLORIA,7650,1517.0,119.22,254.236,0,False,
22372,2025-06-21,GLORIA,2350,1517.0,132.8,236.145,0,False,
10526,2021-09-06,GLORIA,2192,2060.0,115.0,244.348,0,False,
10580,2021-09-12,GLORIA,2192,2060.0,115.0,240.0,0,False,
17450,2023-12-24,GLORIA,7582,2311.0,116.1,256.934,0,False,
20006,2024-09-27,MATA VERDE,7899,1713.0,117.96,200.831,0,False,
17451,2023-12-24,GLORIA,7586,2311.0,117.08,253.844,0,False,
20028,2024-09-29,MATA VERDE,7899,1713.0,121.49,204.379,0,False,
17514,2023-12-31,GLORIA,7582,2311.0,118.0,237.966,0,False,
17960,2024-02-19,GLORIA,7687,2311.0,114.46,208.195,0,False,
19988,2024-09-25,MATA VERDE,7899,1713.0,118.75,204.463,0,False,
9998,2021-06-27,GLORIA,2413,2921.0,117.26,202.115,0,False,
19794,2024-09-06,MATA VERDE,7899,1713.0,119.6,208.11,0,False,
14782,2023-02-25,GLORIA,6774,1688.0,125.46,239.279,0,False,
10129,2021-07-14,GLORIA,2413,2921.0,109.9,228.844,0,False,
21775,2025-04-16,PROTEÇÃO,7343,1903.0,124.19,299.058,0,False,
10156,2021-07-17,GLORIA,2413,2921.0,115.96,222.232,0,False,
10197,2021-07-21,GLORIA,2413,2921.0,108.63,231.244,0,False,
10698,2021-10-04,GLORIA,2413,2921.0,113.5,232.863,0,False,
20393,2024-11-09,MATA VERDE,8011,1713.0,120.0,220.25,0,False,
20581,2024-11-29,MATA VERDE,8011,1713.0,120.0,210.167,0,False,
21728,2025-04-11,PROTEÇÃO,7889,1903.0,121.38,270.061,0,False,
21708,2025-04-08,PROTEÇÃO,7889,1903.0,123.6,269.741,0,False,
11758,2022-02-23,GLORIA,2413,2921.0,112.5,244.444,0,False,
11800,2022-02-28,GLORIA,2413,2921.0,112.3,267.943,0,False,
12573,2022-06-02,GLORIA,2413,2921.0,113.18,242.887,0,False,
21733,2025-04-12,GLORIA,7650,1517.0,119.8,228.047,0,False,
21755,2025-04-14,GLORIA,2350,1517.0,129.87,242.704,0,False,
11997,2022-03-25,GLORIA,2413,2921.0,112.15,254.391,0,False,
12043,2022-04-01,GLORIA,2413,2921.0,112.0,242.679,0,False,
12107,2022-04-09,GLORIA,2413,2921.0,111.06,247.074,0,False,
12127,2022-04-11,GLORIA,2413,2921.0,112.5,248.8,0,False,
12153,2022-04-14,GLORIA,2413,2921.0,112.15,256.977,0,False,
12172,2022-04-17,GLORIA,2413,2921.0,112.15,249.309,0,False,
12192,2022-04-20,GLORIA,2413,2921.0,113.25,247.947,0,False,
12216,2022-04-23,GLORIA,2413,2921.0,112.8,241.844,0,False,
20879,2025-01-05,MATA VERDE,8011,1713.0,119.2,228.02,0,False,
12248,2022-04-27,GLORIA,2413,2921.0,112.88,257.442,0,False,
22028,2025-05-16,GLORIA,2350,1517.0,131.15,240.259,0,False,
12271,2022-04-29,GLORIA,2413,2921.0,112.76,246.009,0,False,
12348,2022-05-07,GLORIA,2413,2921.0,112.52,235.247,0,False,
12362,2022-05-09,GLORIA,2413,2921.0,112.6,235.169,0,False,
12385,2022-05-12,GLORIA,2413,2921.0,113.61,249.802,0,False,
12407,2022-05-14,GLORIA,2413,2921.0,112.15,260.366,0,False,
12423,2022-05-16,GLORIA,2413,2921.0,104.87,261.562,0,False,
12448,2022-05-19,GLORIA,2413,2921.0,112.8,246.365,0,False,
12470,2022-05-22,GLORIA,2413,2921.0,111.43,250.92,0,False,
12490,2022-05-25,GLORIA,2413,2921.0,112.15,249.487,0,False,
10487,2021-09-01,GLORIA,2192,2060.0,112.5,264.622,0,False,
21639,2025-03-31,MATA VERDE,8011,1713.0,121.16,201.387,0,False,
11979,2022-03-23,GLORIA,2413,2921.0,110.33,261.216,0,False,
11952,2022-03-20,GLORIA,2413,2921.0,112.15,258.226,0,False,
21704,2025-04-08,MATA VERDE,8011,1713.0,122.85,217.42,0,False,
11836,2022-03-05,GLORIA,2413,2921.0,115.0,252.522,0,False,
21649,2025-04-01,PROTEÇÃO,7889,1903.0,125.05,294.922,0,False,
21628,2025-03-30,PROTEÇÃO,7889,1903.0,123.15,295.006,0,False,
21936,2025-05-05,GLORIA,2350,1517.0,132.8,238.554,0,False,
19456,2024-08-01,GLORIA,7879,1903.0,122.5,217.796,0,False,
11865,2022-03-09,GLORIA,2413,2921.0,115.0,250.0,0,False,
19430,2024-07-29,GLORIA,7879,1903.0,123.64,211.906,0,False,
19348,2024-07-21,GLORIA,6876,1903.0,127.66,240.874,0,False,
21816,2025-04-21,GLORIA,2350,1517.0,131.5,254.297,0,False,
19296,2024-07-15,GLORIA,6876,1903.0,128.1,222.092,0,False,
11888,2022-03-12,GLORIA,2413,2921.0,111.43,262.766,0,False,
19229,2024-07-08,GLORIA,6876,1903.0,127.95,211.958,0,False,
20682,2024-12-10,MATA VERDE,8011,1713.0,119.22,230.247,0,False,
16256,2023-08-17,GLORIA,812,1815.0,71.36,228.7,0,False,
22284,2025-06-12,MATA VERDE,8011,1713.0,117.28,201.825,0,False,
11930,2022-03-17,GLORIA,2413,2921.0,111.43,254.599,0,False,
22183,2025-06-02,MATA VERDE,8011,1713.0,120.48,213.645,0,False,
21938,2025-05-05,MATA VERDE,8011,1713.0,120.86,225.054,0,False,
21922,2025-05-03,MATA VERDE,8011,1713.0,124.2,206.28,0,False,
21768,2025-04-15,GLORIA,2350,1517.0,130.07,253.402,0,False,
20806,2024-12-24,MATA VERDE,8011,1713.0,118.8,225.589,0,False,
21744,2025-04-12,PROTEÇÃO,7343,1903.0,125.05,272.131,0,False,
17457,2023-12-25,GLORIA,2413,2921.0,114.68,231.252,0,False,
14764,2023-02-19,GLORIA,2413,2921.0,113.61,242.056,0,False,
15150,2023-04-15,GLORIA,812,5226.0,66.96,249.851,0,False,
21935,2025-05-05,PROTEÇÃO,812,5149.0,69.3,274.747,0,False,
22330,2025-06-17,PROTEÇÃO,812,5149.0,67.87,284.662,0,False,
22358,2025-06-20,PROTEÇÃO,812,5149.0,69.2,284.104,0,False,
22413,2025-06-25,PROTEÇÃO,812,5149.0,71.9,298.609,0,False,
22442,2025-06-28,PROTEÇÃO,812,5149.0,67.87,300.133,0,False,
13013,2022-07-24,GLORIA,812,5210.0,69.0,216.522,0,False,
16380,2023-08-29,GLORIA,7393,5223.0,130.53,206.696,0,False,
16406,2023-08-31,GLORIA,7393,5223.0,126.84,202.696,0,False,
14924,2023-03-16,GLORIA,812,5226.0,67.64,232.111,0,False,
15072,2023-04-05,GLORIA,812,5226.0,68.81,222.351,0,False,
15088,2023-04-07,GLORIA,812,5226.0,69.31,239.071,0,False,
15108,2023-04-09,GLORIA,812,5226.0,68.0,231.912,0,False,
15119,2023-04-11,GLORIA,812,5226.0,71.86,221.264,0,False,
15128,2023-04-13,GLORIA,812,5226.0,69.88,232.971,0,False,
15185,2023-04-20,GLORIA,812,5226.0,72.35,244.782,0,False,
20895,2025-01-06,GLORIA,812,5149.0,71.9,223.922,0,False,
15208,2023-04-22,GLORIA,812,5226.0,72.14,240.643,0,False,
15229,2023-04-25,GLORIA,812,5226.0,72.5,233.379,0,False,
15255,2023-04-28,GLORIA,812,5226.0,72.97,241.058,0,False,
15278,2023-04-30,GLORIA,812,5226.0,72.22,247.161,0,False,
15305,2023-05-04,GLORIA,812,5226.0,71.25,240.842,0,False,
15393,2023-05-12,GLORIA,812,5226.0,72.91,227.541,0,False,
15413,2023-05-14,GLORIA,812,5226.0,71.57,237.25,0,False,
15482,2023-05-24,GLORIA,812,5226.0,72.57,244.454,0,False,
15525,2023-05-29,GLORIA,812,5226.0,73.02,245.412,0,False,
15556,2023-06-01,GLORIA,812,5226.0,71.46,258.046,0,False,
15593,2023-06-04,GLORIA,812,5226.0,74.02,262.767,0,False,
15642,2023-06-08,GLORIA,812,5226.0,70.64,254.813,0,False,
15718,2023-06-16,GLORIA,812,5226.0,72.13,257.036,0,False,
15747,2023-06-18,GLORIA,812,5226.0,71.27,232.496,0,False,
20962,2025-01-15,GLORIA,812,5149.0,69.21,245.196,0,False,
20861,2025-01-03,GLORIA,812,5149.0,71.68,245.675,0,False,
14605,2023-02-01,GLORIA,6773,5229.0,116.8,252.911,0,False,
10970,2021-11-06,GLORIA,812,5014.0,70.5,212.624,0,False,
10311,2021-08-10,GLORIA,812,4849.0,69.5,211.799,0,False,
10494,2021-09-02,GLORIA,812,4849.0,71.0,255.352,0,False,
10931,2021-11-02,GLORIA,812,4849.0,71.5,214.406,0,False,
12019,2022-03-29,GLORIA,812,4882.0,74.88,245.593,0,False,
12051,2022-04-02,GLORIA,812,4882.0,72.88,249.177,0,False,
12067,2022-04-04,GLORIA,812,4882.0,70.49,261.03,0,False,
9988,2021-06-26,GLORIA,5994,4903.0,99.4,211.972,0,False,
10002,2021-06-28,GLORIA,5994,4903.0,98.98,222.974,0,False,
10082,2021-07-08,GLORIA,5994,4903.0,104.92,244.377,0,False,
14716,2023-02-14,GLORIA,7127,4950.0,110.5,263.801,0,False,
10470,2021-08-30,GLORIA,812,4961.0,73.0,235.753,0,False,
10518,2021-09-05,GLORIA,812,4961.0,73.0,230.274,0,False,
10558,2021-09-10,GLORIA,812,4961.0,70.0,263.571,0,False,
10950,2021-11-04,GLORIA,812,5014.0,70.05,214.847,0,False,
11045,2021-11-15,GLORIA,812,5014.0,69.5,227.482,0,False,
20746,2024-12-17,GLORIA,812,5149.0,69.21,225.112,0,False,
11081,2021-11-21,GLORIA,812,5014.0,72.0,215.694,0,False,
11097,2021-11-24,GLORIA,812,5014.0,71.0,218.592,0,False,
11125,2021-11-27,GLORIA,812,5014.0,69.5,208.921,0,False,
11156,2021-12-04,GLORIA,812,5014.0,68.0,235.294,0,False,
11194,2021-12-09,GLORIA,812,5014.0,70.0,229.714,0,False,
11231,2021-12-14,GLORIA,812,5014.0,72.5,217.655,0,False,
11505,2022-01-19,GLORIA,812,5014.0,67.5,266.519,0,False,
11541,2022-01-23,GLORIA,812,5014.0,74.0,249.595,0,False,
11569,2022-01-28,GLORIA,812,5014.0,73.5,251.701,0,False,
11589,2022-01-31,GLORIA,812,5014.0,68.8,246.948,0,False,
11609,2022-02-05,GLORIA,812,5014.0,74.0,242.703,0,False,
11842,2022-03-06,GLORIA,812,5098.0,73.5,253.605,0,False,
20181,2024-10-17,GLORIA,812,5149.0,72.15,231.462,0,False,
20727,2024-12-15,GLORIA,812,5149.0,69.21,226.557,0,False,
16453,2023-09-10,GLORIA,812,5226.0,72.07,209.102,0,False,
14814,2023-03-01,GLORIA,6773,5229.0,119.68,225.769,0,False,
10166,2021-07-18,GLORIA,812,4849.0,73.0,240.822,0,False,
21281,2025-02-22,MATA VERDE,7915,5865.0,113.16,236.479,0,False,
17988,2024-02-21,GLORIA,7693,5729.0,119.73,216.738,0,False,
19418,2024-07-28,GLORIA,6842,5755.0,128.0,223.359,0,False,
19950,2024-09-22,MATA VERDE,7915,5865.0,111.3,224.259,0,False,
20109,2024-10-09,MATA VERDE,7915,5865.0,115.0,202.783,0,False,
20204,2024-10-19,MATA VERDE,7915,5865.0,115.55,210.299,0,False,
20223,2024-10-21,MATA VERDE,7915,5865.0,115.17,212.903,0,False,
20275,2024-10-27,MATA VERDE,7915,5865.0,115.94,211.905,0,False,
20504,2024-11-20,MATA VERDE,7915,5865.0,116.33,211.811,0,False,
20696,2024-12-12,MATA VERDE,7915,5865.0,108.57,219.674,0,False,
20819,2024-12-26,MATA VERDE,7915,5865.0,111.67,220.561,0,False,
21012,2025-01-20,MATA VERDE,7915,5865.0,110.95,210.816,0,False,
21112,2025-01-31,MATA VERDE,7915,5865.0,113.15,211.051,0,False,
21127,2025-02-03,MATA VERDE,7915,5865.0,114.89,218.905,0,False,
21198,2025-02-12,MATA VERDE,7915,5865.0,112.05,233.11,0,False,
21853,2025-04-25,MATA VERDE,7915,5865.0,113.5,214.185,0,False,
17515,2023-12-31,GLORIA,7603,5694.0,113.98,254.431,0,False,
22255,2025-06-09,MATA VERDE,7915,5865.0,115.4,214.731,0,False,
22320,2025-06-16,MATA VERDE,7915,5865.0,110.5,222.172,0,False,
22386,2025-06-22,MATA VERDE,7915,5865.0,112.04,208.14,0,False,
21025,2025-01-22,MATA VERDE,7898,6003.0,119.0,219.832,0,False,
21565,2025-03-23,MATA VERDE,7898,6003.0,117.78,226.439,0,False,
21260,2025-02-18,MATA VERDE,7898,6025.0,117.0,235.299,0,False,
21286,2025-02-22,MATA VERDE,7898,6025.0,114.74,246.122,0,False,
21442,2025-03-10,MATA VERDE,7898,6025.0,115.5,208.398,0,False,
21534,2025-03-20,MATA VERDE,7898,6025.0,118.54,225.325,0,False,
21785,2025-04-17,MATA VERDE,7898,6025.0,117.4,209.37,0,False,
21886,2025-04-30,MATA VERDE,7898,6025.0,114.0,221.93,0,False,
21967,2025-05-08,MATA VERDE,7898,6025.0,112.98,221.721,0,False,
22233,2025-06-07,MATA VERDE,7898,6025.0,119.68,200.201,0,False,
21552,2025-03-22,PROTEÇÃO,8177,6066.0,126.88,287.358,0,False,
17954,2024-02-18,GLORIA,7603,5694.0,122.51,233.124,0,False,
17455,2023-12-25,GLORIA,7586,5687.0,115.82,253.583,0,False,
14509,2023-01-20,GLORIA,6876,5248.0,120.35,255.256,0,False,
17029,2023-11-07,GLORIA,812,5425.0,71.1,261.322,0,False,
14648,2023-02-07,GLORIA,6876,5248.0,123.32,268.894,0,False,
14731,2023-02-16,GLORIA,6880,5248.0,125.53,281.686,0,False,
14637,2023-02-05,GLORIA,6842,5288.0,124.28,261.023,0,False,
22409,2025-06-25,GLORIA,2350,5356.0,129.04,265.499,0,False,
14620,2023-02-04,GLORIA,5829,5378.0,117.93,265.073,0,False,
14752,2023-02-18,GLORIA,5829,5378.0,122.24,255.072,0,False,
14783,2023-02-25,GLORIA,5829,5378.0,119.65,264.187,0,False,
14584,2023-01-30,GLORIA,4194,5381.0,117.0,240.598,0,False,
14586,2023-01-30,GLORIA,5427,5382.0,122.95,253.924,0,False,
14654,2023-02-07,GLORIA,7114,5392.0,124.49,278.898,0,False,
15961,2023-07-14,GLORIA,812,5425.0,72.62,237.951,0,False,
15996,2023-07-18,GLORIA,812,5425.0,71.62,255.655,0,False,
16024,2023-07-21,GLORIA,812,5425.0,71.26,240.247,0,False,
16689,2023-10-02,GLORIA,812,5425.0,70.8,201.836,0,False,
17872,2024-02-09,GLORIA,812,5425.0,70.67,244.658,0,False,
17510,2023-12-31,GLORIA,7586,5686.0,120.35,287.162,0,False,
17916,2024-02-14,GLORIA,812,5425.0,71.9,217.942,0,False,
19035,2024-06-19,GLORIA,60,5425.0,75.19,206.41,0,False,
18132,2024-03-09,GLORIA,812,5436.0,69.89,240.95,0,False,
18993,2024-06-15,GLORIA,812,5436.0,73.02,205.012,0,False,
19081,2024-06-24,GLORIA,812,5436.0,72.35,220.733,0,False,
19109,2024-06-26,GLORIA,812,5436.0,72.8,217.445,0,False,
19134,2024-06-29,GLORIA,812,5436.0,69.96,231.704,0,False,
19158,2024-07-01,GLORIA,812,5436.0,70.11,230.78,0,False,
19276,2024-07-13,GLORIA,812,5436.0,69.9,230.901,0,False,
19344,2024-07-20,GLORIA,812,5436.0,71.75,227.875,0,False,
15585,2023-06-04,GLORIA,6880,5494.0,125.76,275.763,0,False,
17462,2023-12-26,GLORIA,7588,5512.0,131.69,258.182,0,False,
17955,2024-02-18,GLORIA,7588,5678.0,113.34,230.281,0,False,
17456,2023-12-24,GLORIA,7584,5686.0,136.49,251.74,0,False,
10214,2021-07-23,GLORIA,812,4849.0,72.91,218.077,0,False,
10124,2021-07-13,GLORIA,812,4849.0,73.2,230.464,0,False,
14780,2023-02-24,GLORIA,2413,2921.0,111.55,258.359,0,False,
18380,2024-04-07,GLORIA,7646,2921.0,115.22,215.327,0,False,
17557,2024-01-06,GLORIA,2413,2921.0,114.46,225.232,0,False,
17660,2024-01-18,GLORIA,2413,2921.0,113.39,214.128,0,False,
17705,2024-01-23,GLORIA,2413,2921.0,112.52,232.314,0,False,
17734,2024-01-25,GLORIA,2413,2921.0,114.7,230.602,0,False,
17775,2024-01-29,GLORIA,7646,2921.0,114.12,226.078,0,False,
17859,2024-02-08,GLORIA,7646,2921.0,110.33,229.947,0,False,
17914,2024-02-14,GLORIA,7646,2921.0,112.88,229.979,0,False,
17947,2024-02-17,GLORIA,2413,2921.0,113.98,216.178,0,False,
17975,2024-02-21,GLORIA,7646,2921.0,113.98,206.878,0,False,
18006,2024-02-23,GLORIA,2413,2921.0,113.6,225.352,0,False,
18046,2024-02-28,GLORIA,2413,2921.0,113.6,222.007,0,False,
18236,2024-03-21,GLORIA,7646,2921.0,110.55,220.443,0,False,
18270,2024-03-25,GLORIA,7646,2921.0,108.81,229.942,0,False,
18304,2024-03-28,GLORIA,7646,2921.0,115.1,212.858,0,False,
18412,2024-04-10,GLORIA,7646,2921.0,114.12,225.289,0,False,
17485,2023-12-29,GLORIA,2413,2921.0,113.9,235.382,0,False,
18447,2024-04-14,GLORIA,7646,2921.0,113.25,206.093,0,False,
18490,2024-04-20,GLORIA,7646,2921.0,112.88,216.69,0,False,
18537,2024-04-25,GLORIA,7646,2921.0,114.65,208.897,0,False,
18572,2024-04-28,GLORIA,7646,2921.0,110.91,208.547,0,False,
18609,2024-05-02,GLORIA,7646,2921.0,115.54,206.768,0,False,
18631,2024-05-05,GLORIA,7646,2921.0,115.07,208.916,0,False,
18643,2024-05-06,GLORIA,7646,2921.0,116.52,207.947,0,False,
18800,2024-05-24,GLORIA,7646,2921.0,114.9,211.575,0,False,
18856,2024-05-30,GLORIA,7646,2921.0,112.33,209.383,0,False,
18888,2024-06-02,GLORIA,7646,2921.0,108.88,213.813,0,False,
18923,2024-06-05,GLORIA,7646,2921.0,114.3,209.536,0,False,
19029,2024-06-18,GLORIA,7646,2921.0,115.8,206.649,0,False,
19084,2024-06-24,GLORIA,7646,2921.0,108.88,221.436,0,False,
19119,2024-06-27,GLORIA,7646,2921.0,110.91,227.752,0,False,
17518,2024-01-01,GLORIA,2413,2921.0,115.32,236.559,0,False,
20496,2024-11-19,GLORIA,2350,1517.0,117.29,215.875,0,False,
19156,2024-07-01,GLORIA,7646,2921.0,110.08,227.289,0,False,
15362,2023-05-10,GLORIA,2413,2921.0,113.32,214.084,0,False,
14850,2023-03-05,GLORIA,2413,2921.0,113.04,236.2,0,False,
14866,2023-03-08,GLORIA,2413,2921.0,113.27,232.983,0,False,
14890,2023-03-11,GLORIA,2413,2921.0,113.61,222.868,0,False,
14905,2023-03-12,GLORIA,2413,2921.0,113.26,222.055,0,False,
14923,2023-03-16,GLORIA,2413,2921.0,114.16,228.802,0,False,
14967,2023-03-21,GLORIA,2413,2921.0,112.88,231.308,0,False,
14986,2023-03-24,GLORIA,2413,2921.0,113.61,253.235,0,False,
15004,2023-03-26,GLORIA,2413,2921.0,113.82,244.86,0,False,
15079,2023-04-05,GLORIA,2413,2921.0,112.84,224.566,0,False,
15192,2023-04-21,GLORIA,2413,2921.0,112.58,223.752,0,False,
15217,2023-04-23,GLORIA,2413,2921.0,124.17,227.43,0,False,
15236,2023-04-25,GLORIA,2413,2921.0,113.26,213.05,0,False,
15268,2023-04-29,GLORIA,2413,2921.0,112.92,229.366,0,False,
15307,2023-05-04,GLORIA,2413,2921.0,112.52,218.894,0,False,
15397,2023-05-13,GLORIA,2413,2921.0,112.46,219.278,0,False,
17346,2023-12-14,GLORIA,2413,2921.0,114.23,234.352,0,False,
15421,2023-05-16,GLORIA,2413,2921.0,112.89,234.21,0,False,
15532,2023-05-29,GLORIA,2413,2921.0,113.0,252.478,0,False,
15635,2023-06-07,GLORIA,2413,2921.0,112.88,249.823,0,False,
15685,2023-06-11,GLORIA,2413,2921.0,112.17,247.303,0,False,
15717,2023-06-16,GLORIA,2413,2921.0,112.76,241.93,0,False,
15763,2023-06-20,GLORIA,2413,2921.0,113.61,230.173,0,False,
15825,2023-06-26,GLORIA,2413,2921.0,112.67,226.68,0,False,
15941,2023-07-10,GLORIA,2413,2921.0,112.36,222.766,0,False,
16019,2023-07-20,GLORIA,2413,2921.0,112.88,258.15,0,False,
16106,2023-07-30,GLORIA,2413,2921.0,113.63,217.108,0,False,
16844,2023-10-19,GLORIA,2413,2921.0,113.36,205.981,0,False,
16978,2023-11-02,GLORIA,2413,2921.0,113.18,246.422,0,False,
17007,2023-11-05,GLORIA,2413,2921.0,114.3,247.069,0,False,
17067,2023-11-11,GLORIA,2413,2921.0,113.46,246.43,0,False,
19143,2024-06-29,GLORIA,7646,2921.0,110.91,220.9,0,False,
19279,2024-07-13,GLORIA,7646,2921.0,108.1,222.387,0,False,
10097,2021-07-09,GLORIA,812,4849.0,72.8,228.022,0,False,
20850,2024-12-31,MATA VERDE,7898,4535.0,116.64,212.706,0,False,
21856,2025-04-25,GLORIA,7646,2921.0,113.61,234.134,0,False,
21872,2025-04-28,GLORIA,2350,2921.0,128.45,252.005,0,False,
21934,2025-05-05,PROTEÇÃO,7646,2921.0,110.33,282.516,0,False,
21959,2025-05-07,PROTEÇÃO,7646,2921.0,107.42,273.878,0,False,
22300,2025-06-14,GLORIA,7650,2921.0,120.96,235.863,0,False,
22311,2025-06-15,PROTEÇÃO,7646,2921.0,107.06,275.64,0,False,
22338,2025-06-18,PROTEÇÃO,7646,2921.0,105.96,274.16,0,False,
22359,2025-06-20,PROTEÇÃO,7650,2921.0,116.39,275.883,0,False,
17453,2023-12-24,GLORIA,7580,4236.0,125.96,281.756,0,False,
20460,2024-11-15,MATA VERDE,7898,4535.0,113.53,217.299,0,False,
20480,2024-11-18,MATA VERDE,7898,4535.0,112.55,217.237,0,False,
20568,2024-11-28,MATA VERDE,7915,4535.0,113.61,218.819,0,False,
20740,2024-12-17,MATA VERDE,7898,4535.0,114.85,212.451,0,False,
20764,2024-12-19,MATA VERDE,7898,4535.0,117.75,217.24,0,False,
20896,2025-01-07,MATA VERDE,7898,4535.0,116.3,223.99,0,False,
21651,2025-04-02,GLORIA,2350,2921.0,126.94,238.38,0,False,
20939,2025-01-12,MATA VERDE,7898,4535.0,115.88,225.923,0,False,
20999,2025-01-19,MATA VERDE,7898,4535.0,121.58,221.994,0,False,
14625,2023-02-04,GLORIA,2747,4560.0,122.03,247.644,0,False,
14649,2023-02-07,GLORIA,2747,4560.0,119.07,248.593,0,False,
14673,2023-02-10,GLORIA,2747,4560.0,121.6,249.342,0,False,
14702,2023-02-12,GLORIA,2747,4560.0,121.08,225.801,0,False,
14795,2023-02-26,GLORIA,2747,4560.0,121.62,235.488,0,False,
14682,2023-02-10,GLORIA,6151,4568.0,126.32,231.951,0,False,
14695,2023-02-12,GLORIA,6151,4568.0,112.85,245.459,0,False,
14720,2023-02-15,GLORIA,6151,4568.0,125.59,238.395,0,False,
19956,2024-09-23,MATA VERDE,7898,4605.0,115.3,220.121,0,False,
20152,2024-10-14,MATA VERDE,7898,4605.0,114.3,206.999,0,False,
10070,2021-07-06,GLORIA,812,4849.0,73.0,242.74,0,False,
10085,2021-07-08,GLORIA,812,4849.0,72.0,231.528,0,False,
21690,2025-04-06,GLORIA,2350,2921.0,129.54,244.48,0,False,
21622,2025-03-30,GLORIA,7646,2921.0,110.61,221.499,0,False,
19944,2024-09-21,GLORIA,812,2921.0,70.4,205.256,0,False,
20954,2025-01-14,GLORIA,7646,2921.0,111.6,229.391,0,False,
20008,2024-09-27,GLORIA,7646,2921.0,109.97,220.424,0,False,
20048,2024-10-02,GLORIA,7646,2921.0,112.5,202.4,0,False,
20171,2024-10-16,GLORIA,7646,2921.0,109.2,209.524,0,False,
20212,2024-10-20,GLORIA,7646,2921.0,110.7,218.88,0,False,
20239,2024-10-23,GLORIA,7646,2921.0,110.3,219.583,0,False,
20262,2024-10-25,GLORIA,7646,2921.0,108.15,218.4,0,False,
20287,2024-10-28,GLORIA,7646,2921.0,111.06,234.648,0,False,
20315,2024-11-01,GLORIA,7646,2921.0,109.3,210.796,0,False,
20342,2024-11-04,GLORIA,7646,2921.0,112.85,231.192,0,False,
20379,2024-11-07,GLORIA,7646,2921.0,112.08,221.895,0,False,
20406,2024-11-10,GLORIA,7646,2921.0,112.2,204.991,0,False,
20564,2024-11-27,GLORIA,7646,2921.0,113.6,217.342,0,False,
20874,2025-01-04,GLORIA,7646,2921.0,108.15,238.927,0,False,
20934,2025-01-11,GLORIA,7646,2921.0,114.35,207.783,0,False,
20981,2025-01-17,GLORIA,7646,2921.0,112.4,215.747,0,False,
21564,2025-03-23,GLORIA,7646,2921.0,111.79,245.371,0,False,
21019,2025-01-21,GLORIA,7646,2921.0,109.95,218.19,0,False,
21060,2025-01-26,GLORIA,7646,2921.0,113.65,205.455,0,False,
21087,2025-01-29,GLORIA,7646,2921.0,114.65,225.382,0,False,
21113,2025-02-01,GLORIA,7646,2921.0,113.5,226.167,0,False,
21164,2025-02-07,GLORIA,7646,2921.0,113.15,215.289,0,False,
21201,2025-02-13,GLORIA,7646,2921.0,113.43,206.824,0,False,
21262,2025-02-19,GLORIA,7646,2921.0,113.06,211.215,0,False,
21293,2025-02-23,GLORIA,7646,2921.0,110.33,215.807,0,False,
21358,2025-03-01,GLORIA,7646,2921.0,108.88,225.661,0,False,
21401,2025-03-06,GLORIA,7646,2921.0,112.88,221.031,0,False,
21427,2025-03-09,GLORIA,7646,2921.0,109.24,236.726,0,False,
21493,2025-03-16,GLORIA,7646,2921.0,108.15,224.318,0,False,
21520,2025-03-19,GLORIA,7646,2921.0,111.43,221.125,0,False,
21541,2025-03-21,GLORIA,7646,2921.0,110.33,225.505,0,False,
20523,2024-11-22,GLORIA,2350,1517.0,118.69,227.989,0,False,
18674,2024-05-09,GLORIA,7727,138.0,119.34,224.736,0,False,
20482,2024-11-18,GLORIA,2350,1517.0,121.34,213.45,0,False,
15135,2023-04-13,GLORIA,1927,150.0,121.65,232.059,0,False,
14737,2023-02-16,GLORIA,1927,150.0,121.05,245.766,0,False,
14718,2023-02-14,GLORIA,1927,150.0,120.34,256.44,0,False,
14703,2023-02-12,GLORIA,1927,150.0,119.12,243.704,0,False,
14684,2023-02-11,GLORIA,1927,150.0,120.56,254.811,0,False,
14653,2023-02-07,GLORIA,1927,150.0,120.82,245.489,0,False,
14627,2023-02-04,GLORIA,1927,150.0,120.56,253.733,0,False,
14578,2023-01-29,GLORIA,1927,150.0,119.36,239.36,0,False,
14554,2023-01-27,GLORIA,1927,150.0,120.2,250.666,0,False,
14538,2023-01-25,GLORIA,1927,150.0,121.37,239.104,0,False,
14497,2023-01-19,GLORIA,1927,150.0,120.73,254.701,0,False,
14473,2023-01-16,GLORIA,1927,150.0,120.56,251.244,0,False,
14449,2023-01-14,GLORIA,1927,150.0,122.08,238.45,0,False,
14425,2023-01-11,GLORIA,1927,150.0,121.82,240.601,0,False,
14398,2023-01-07,GLORIA,1927,150.0,121.85,247.6,0,False,
14388,2023-01-06,GLORIA,1927,150.0,122.41,250.797,0,False,
14775,2023-02-21,GLORIA,1927,150.0,121.45,263.565,0,False,
14821,2023-03-02,GLORIA,1927,150.0,120.72,223.492,0,False,
14830,2023-03-03,GLORIA,1927,150.0,121.93,242.762,0,False,
14998,2023-03-25,GLORIA,1927,150.0,121.08,266.435,0,False,
15106,2023-04-09,GLORIA,1927,150.0,120.7,231.897,0,False,
15078,2023-04-05,GLORIA,1927,150.0,121.78,234.85,0,False,
15053,2023-04-02,GLORIA,1927,150.0,120.18,235.896,0,False,
15041,2023-04-01,GLORIA,1927,150.0,121.44,235.178,0,False,
15028,2023-03-29,GLORIA,1927,150.0,118.95,249.517,0,False,
15011,2023-03-27,GLORIA,1927,150.0,121.39,245.49,0,False,
14985,2023-03-24,GLORIA,1927,150.0,120.84,257.2,0,False,
14848,2023-03-05,GLORIA,1927,150.0,120.64,245.441,0,False,
14968,2023-03-21,GLORIA,1927,150.0,122.45,245.896,0,False,
14946,2023-03-18,GLORIA,1927,150.0,121.12,230.845,0,False,
14931,2023-03-16,GLORIA,1927,150.0,121.64,232.078,0,False,
14911,2023-03-13,GLORIA,1927,150.0,121.18,238.901,0,False,
14889,2023-03-10,GLORIA,1927,150.0,122.01,231.948,0,False,
14873,2023-03-08,GLORIA,1927,150.0,122.0,234.508,0,False,
14191,2022-12-08,GLORIA,1927,150.0,121.2,245.71,0,False,
14158,2022-12-04,GLORIA,1927,150.0,120.12,243.756,0,False,
14123,2022-11-29,GLORIA,1927,150.0,120.73,244.595,0,False,
13375,2022-09-04,GLORIA,1927,150.0,119.9,240.284,0,False,
13568,2022-09-25,GLORIA,1927,150.0,121.53,256.644,0,False,
13530,2022-09-21,GLORIA,1927,150.0,122.5,257.306,0,False,
13508,2022-09-19,GLORIA,1927,150.0,121.5,232.346,0,False,
13467,2022-09-14,GLORIA,1927,150.0,123.0,250.894,0,False,
13448,2022-09-12,GLORIA,1927,150.0,121.5,237.86,0,False,
13420,2022-09-09,GLORIA,1927,150.0,122.0,233.279,0,False,
13338,2022-08-31,GLORIA,1927,150.0,119.5,241.004,0,False,
13611,2022-09-30,GLORIA,1927,150.0,121.06,247.481,0,False,
13304,2022-08-27,GLORIA,1927,150.0,121.0,237.107,0,False,
13261,2022-08-22,GLORIA,1927,150.0,123.47,230.096,0,False,
13225,2022-08-19,GLORIA,1927,150.0,118.5,235.612,0,False,
13199,2022-08-16,GLORIA,1927,150.0,121.64,216.294,0,False,
13170,2022-08-13,GLORIA,1927,150.0,120.88,223.279,0,False,
13134,2022-08-08,GLORIA,1927,150.0,119.0,221.765,0,False,
13596,2022-09-28,GLORIA,1927,150.0,122.42,259.925,0,False,
13632,2022-10-03,GLORIA,1927,150.0,121.52,246.215,0,False,
14110,2022-11-27,GLORIA,1927,150.0,120.14,230.315,0,False,
13949,2022-11-07,GLORIA,1927,150.0,120.69,235.314,0,False,
14085,2022-11-24,GLORIA,1927,150.0,120.91,237.201,0,False,
14071,2022-11-22,GLORIA,1927,150.0,121.84,233.421,0,False,
14048,2022-11-20,GLORIA,1927,150.0,120.53,234.796,0,False,
14027,2022-11-17,GLORIA,1927,150.0,120.14,258.615,0,False,
14003,2022-11-15,GLORIA,1927,150.0,120.84,251.738,0,False,
13969,2022-11-10,GLORIA,1927,150.0,120.51,245.54,0,False,
13901,2022-11-01,GLORIA,1927,150.0,121.86,243.066,0,False,
13680,2022-10-08,GLORIA,1927,150.0,122.85,238.746,0,False,
13887,2022-10-30,GLORIA,1927,150.0,121.84,237.278,0,False,
13858,2022-10-27,GLORIA,1927,150.0,121.91,226.068,0,False,
13804,2022-10-22,GLORIA,1927,150.0,122.94,239.548,0,False,
13774,2022-10-19,GLORIA,1927,150.0,122.94,239.548,0,False,
13724,2022-10-14,GLORIA,1927,150.0,122.6,243.883,0,False,
13697,2022-10-10,GLORIA,1927,150.0,118.8,244.444,0,False,
15118,2023-04-11,GLORIA,1927,150.0,120.92,232.881,0,False,
15154,2023-04-16,GLORIA,1927,150.0,120.64,238.312,0,False,
13046,2022-07-29,GLORIA,1927,150.0,122.3,224.693,0,False,
15182,2023-04-20,GLORIA,1927,150.0,121.4,243.904,0,False,
17878,2024-02-11,GLORIA,1927,150.0,118.72,237.028,0,False,
17857,2024-02-08,GLORIA,1927,150.0,116.43,233.445,0,False,
17834,2024-02-05,GLORIA,1927,150.0,118.89,242.241,0,False,
17808,2024-02-02,GLORIA,1927,150.0,120.47,233.751,0,False,
17784,2024-01-30,GLORIA,1927,150.0,121.24,241.339,0,False,
17764,2024-01-28,GLORIA,1927,150.0,120.73,243.85,0,False,
17747,2024-01-27,GLORIA,1927,150.0,120.48,234.562,0,False,
17710,2024-01-23,GLORIA,1927,150.0,120.35,234.649,0,False,
17684,2024-01-20,GLORIA,1927,150.0,119.03,225.069,0,False,
17655,2024-01-17,GLORIA,1927,150.0,121.21,222.754,0,False,
17607,2024-01-11,GLORIA,1927,150.0,121.16,221.36,0,False,
17580,2024-01-08,GLORIA,1927,150.0,121.36,226.763,0,False,
17525,2024-01-02,GLORIA,1927,150.0,121.38,229.939,0,False,
17448,2023-12-23,GLORIA,1927,150.0,116.6,242.539,0,False,
17174,2023-11-24,GLORIA,1927,150.0,121.74,254.641,0,False,
17905,2024-02-13,GLORIA,1927,150.0,118.48,245.105,0,False,
17964,2024-02-19,GLORIA,1927,150.0,117.55,231.986,0,False,
17981,2024-02-21,GLORIA,1927,150.0,120.32,217.337,0,False,
18329,2024-04-01,GLORIA,1927,150.0,119.25,232.872,0,False,
18589,2024-04-30,GLORIA,1927,150.0,118.58,218.671,0,False,
18561,2024-04-27,GLORIA,1927,150.0,121.15,209.162,0,False,
18528,2024-04-23,GLORIA,1927,150.0,121.05,215.366,0,False,
18468,2024-04-18,GLORIA,1927,150.0,122.1,215.479,0,False,
18434,2024-04-13,GLORIA,1927,150.0,120.14,209.089,0,False,
18396,2024-04-08,GLORIA,1927,150.0,121.74,216.527,0,False,
18282,2024-03-26,GLORIA,1927,150.0,121.45,228.901,0,False,
18023,2024-02-25,GLORIA,1927,150.0,119.95,241.267,0,False,
18251,2024-03-23,GLORIA,1927,150.0,121.06,239.716,0,False,
18200,2024-03-17,GLORIA,1927,150.0,121.65,236.827,0,False,
18169,2024-03-13,GLORIA,1927,150.0,121.08,220.763,0,False,
18097,2024-03-04,GLORIA,1927,150.0,117.81,256.515,0,False,
18066,2024-02-29,GLORIA,1927,150.0,117.15,239.949,0,False,
18054,2024-02-28,GLORIA,1927,150.0,121.07,229.867,0,False,
17147,2023-11-21,GLORIA,1927,150.0,121.34,248.311,0,False,
17111,2023-11-16,GLORIA,1927,150.0,120.51,240.976,0,False,
17091,2023-11-14,GLORIA,1927,150.0,121.43,260.068,0,False,
15467,2023-05-22,GLORIA,1927,150.0,120.11,243.943,0,False,
15699,2023-06-12,GLORIA,1927,150.0,121.42,237.934,0,False,
15680,2023-06-11,GLORIA,1927,150.0,117.87,252.482,0,False,
15610,2023-06-05,GLORIA,1927,150.0,120.2,267.637,0,False,
15592,2023-06-04,GLORIA,1927,150.0,120.28,269.621,0,False,
15524,2023-05-29,GLORIA,1927,150.0,117.46,260.514,0,False,
15507,2023-05-27,GLORIA,1927,150.0,120.62,250.29,0,False,
15402,2023-05-13,GLORIA,1927,150.0,122.2,222.34,0,False,
15732,2023-06-17,GLORIA,1927,150.0,120.36,233.383,0,False,
15384,2023-05-11,GLORIA,1927,150.0,120.11,226.709,0,False,
15340,2023-05-08,GLORIA,1927,150.0,119.93,222.63,0,False,
15300,2023-05-04,GLORIA,1927,150.0,121.91,240.669,0,False,
15269,2023-04-29,GLORIA,1927,150.0,121.4,232.949,0,False,
15243,2023-04-26,GLORIA,1927,150.0,121.76,238.338,0,False,
15211,2023-04-22,GLORIA,1927,150.0,121.53,227.927,0,False,
15707,2023-06-15,GLORIA,1927,150.0,120.15,240.866,0,False,
15787,2023-06-22,GLORIA,1927,150.0,119.54,238.163,0,False,
17054,2023-11-10,GLORIA,1927,150.0,122.85,251.526,0,False,
16159,2023-08-05,GLORIA,1927,150.0,121.16,211.621,0,False,
17002,2023-11-04,GLORIA,1927,150.0,120.63,255.741,0,False,
16764,2023-10-11,GLORIA,1927,150.0,121.12,200.627,0,False,
16732,2023-10-07,GLORIA,1927,150.0,119.97,200.3,0,False,
16490,2023-09-13,GLORIA,1927,150.0,120.03,204.949,0,False,
16466,2023-09-11,GLORIA,1927,150.0,121.56,202.945,0,False,
16321,2023-08-23,GLORIA,1927,150.0,121.06,200.727,0,False,
16143,2023-08-04,GLORIA,1927,150.0,120.11,221.547,0,False,
15832,2023-06-26,GLORIA,1927,150.0,119.52,243.641,0,False,
16025,2023-07-21,GLORIA,1927,150.0,121.2,261.139,0,False,
15987,2023-07-17,GLORIA,1927,150.0,120.06,246.877,0,False,
15958,2023-07-14,GLORIA,1927,150.0,120.14,231.23,0,False,
15947,2023-07-11,GLORIA,1927,150.0,121.06,231.29,0,False,
15904,2023-07-04,GLORIA,1927,150.0,120.75,228.737,0,False,
15881,2023-07-02,GLORIA,1927,150.0,121.26,232.146,0,False,
13092,2022-08-03,GLORIA,1927,150.0,121.5,213.909,0,False,
13020,2022-07-26,GLORIA,1927,150.0,121.0,230.744,0,False,
20466,2024-11-16,GLORIA,2350,1517.0,119.0,229.496,0,False,
20241,2024-10-23,GLORIA,7727,149.0,117.3,226.684,0,False,
19340,2024-07-20,GLORIA,7727,149.0,114.9,217.668,0,False,
19314,2024-07-17,GLORIA,7727,149.0,114.84,223.354,0,False,
19280,2024-07-13,GLORIA,7725,149.0,117.3,232.14,0,False,
19247,2024-07-10,GLORIA,7727,149.0,114.05,214.818,0,False,
19164,2024-07-02,GLORIA,7727,149.0,115.31,226.086,0,False,
19147,2024-06-30,GLORIA,7727,149.0,116.34,213.426,0,False,
19125,2024-06-28,GLORIA,7727,149.0,117.7,214.274,0,False,
19104,2024-06-26,GLORIA,7727,149.0,119.8,212.688,0,False,
19078,2024-06-24,GLORIA,7727,149.0,119.3,217.435,0,False,
19038,2024-06-19,GLORIA,7727,149.0,117.85,218.753,0,False,
19008,2024-06-16,GLORIA,7727,149.0,119.45,217.329,0,False,
18963,2024-06-12,GLORIA,7727,149.0,120.82,212.548,0,False,
18945,2024-06-10,GLORIA,7727,149.0,117.89,212.91,0,False,
18918,2024-06-05,GLORIA,7727,149.0,118.28,217.027,0,False,
18892,2024-06-03,GLORIA,7727,149.0,120.42,207.191,0,False,
19363,2024-07-22,GLORIA,7727,149.0,117.65,218.19,0,False,
19387,2024-07-25,GLORIA,7725,149.0,111.93,227.017,0,False,
19407,2024-07-27,GLORIA,7727,149.0,117.67,215.348,0,False,
19877,2024-09-14,GLORIA,7727,149.0,114.0,221.14,0,False,
20202,2024-10-19,GLORIA,7727,149.0,114.54,224.027,0,False,
20052,2024-10-03,GLORIA,7727,149.0,113.8,221.88,0,False,
19948,2024-09-22,GLORIA,7727,149.0,116.7,235.561,0,False,
19933,2024-09-20,GLORIA,7727,149.0,118.2,215.228,0,False,
19914,2024-09-18,GLORIA,7727,149.0,118.1,226.08,0,False,
19896,2024-09-16,GLORIA,7727,149.0,113.0,225.929,0,False,
19859,2024-09-13,GLORIA,7727,149.0,111.73,205.764,0,False,
19424,2024-07-29,GLORIA,7725,149.0,116.1,210.25,0,False,
19635,2024-08-21,GLORIA,7725,149.0,118.79,206.246,0,False,
19605,2024-08-17,GLORIA,7727,149.0,115.11,210.842,0,False,
19568,2024-08-13,GLORIA,7727,149.0,115.5,204.848,0,False,
19546,2024-08-11,GLORIA,7727,149.0,118.5,215.781,0,False,
19528,2024-08-09,GLORIA,7727,149.0,118.02,213.693,0,False,
19445,2024-07-31,GLORIA,7727,149.0,117.05,224.69,0,False,
18861,2024-05-30,GLORIA,7727,149.0,119.54,203.196,0,False,
18839,2024-05-27,GLORIA,7727,149.0,119.6,207.609,0,False,
18797,2024-05-24,GLORIA,7727,149.0,120.55,219.909,0,False,
15295,2023-05-03,GLORIA,60,149.0,77.72,228.513,0,False,
15506,2023-05-27,GLORIA,60,149.0,78.1,232.907,0,False,
15443,2023-05-18,GLORIA,60,149.0,80.34,231.516,0,False,
15403,2023-05-13,GLORIA,60,149.0,78.17,230.139,0,False,
15383,2023-05-11,GLORIA,60,149.0,79.09,223.669,0,False,
15347,2023-05-09,GLORIA,60,149.0,76.2,226.509,0,False,
15309,2023-05-04,GLORIA,60,149.0,78.06,225.98,0,False,
15244,2023-04-26,GLORIA,60,149.0,78.86,233.198,0,False,
15553,2023-06-01,GLORIA,60,149.0,76.4,281.806,0,False,
15224,2023-04-24,GLORIA,60,149.0,78.67,233.507,0,False,
15183,2023-04-20,GLORIA,60,149.0,78.31,247.861,0,False,
17533,2024-01-03,GLORIA,7593,147.0,116.3,235.77,0,False,
17463,2023-12-26,GLORIA,7593,147.0,113.84,277.67,0,False,
18755,2024-05-19,GLORIA,7727,138.0,117.37,226.378,0,False,
18750,2024-05-18,GLORIA,7727,138.0,118.86,228.588,0,False,
15526,2023-05-29,GLORIA,60,149.0,77.9,258.537,0,False,
15591,2023-06-04,GLORIA,60,149.0,76.49,250.098,0,False,
18773,2024-05-21,GLORIA,7727,149.0,119.45,219.422,0,False,
15946,2023-07-11,GLORIA,60,149.0,77.64,246.78,0,False,
18640,2024-05-06,GLORIA,7727,149.0,118.8,215.067,0,False,
16408,2023-08-31,GLORIA,60,149.0,70.19,210.286,0,False,
16050,2023-07-24,GLORIA,60,149.0,78.79,242.924,0,False,
16004,2023-07-19,GLORIA,60,149.0,77.98,267.504,0,False,
15989,2023-07-17,GLORIA,60,149.0,78.16,250.64,0,False,
15959,2023-07-14,GLORIA,60,149.0,78.09,230.119,0,False,
15928,2023-07-08,GLORIA,60,149.0,78.77,229.783,0,False,
15619,2023-06-06,GLORIA,60,149.0,78.2,255.882,0,False,
15841,2023-06-27,GLORIA,60,149.0,78.34,233.852,0,False,
15788,2023-06-23,GLORIA,60,149.0,76.73,246.449,0,False,
15733,2023-06-17,GLORIA,60,149.0,77.7,237.838,0,False,
15708,2023-06-15,GLORIA,60,149.0,77.75,241.543,0,False,
15696,2023-06-12,GLORIA,60,149.0,78.7,230.623,0,False,
15656,2023-06-09,GLORIA,60,149.0,78.0,252.821,0,False,
20222,2024-10-21,GLORIA,7727,149.0,118.2,233.333,0,False,
20261,2024-10-25,GLORIA,7727,149.0,116.18,209.589,0,False,
12994,2022-07-22,GLORIA,1927,150.0,121.1,224.277,0,False,
20279,2024-10-27,GLORIA,7727,149.0,117.0,216.581,0,False,
12546,2022-05-30,GLORIA,1927,150.0,122.6,241.028,0,False,
12528,2022-05-28,GLORIA,1927,150.0,119.35,255.048,0,False,
12479,2022-05-23,GLORIA,1927,150.0,120.64,248.011,0,False,
12459,2022-05-21,GLORIA,1927,150.0,120.24,262.558,0,False,
12442,2022-05-19,GLORIA,1927,150.0,119.73,256.744,0,False,
10593,2021-09-18,GLORIA,5449,150.0,115.64,219.647,0,False,
10578,2021-09-12,GLORIA,1927,150.0,118.03,240.871,0,False,
10525,2021-09-06,GLORIA,1927,150.0,117.5,230.894,0,False,
22379,2025-06-22,GLORIA,7727,149.0,114.01,227.612,0,False,
22351,2025-06-19,GLORIA,7727,149.0,116.85,230.039,0,False,
22324,2025-06-16,GLORIA,7727,149.0,117.25,233.518,0,False,
22305,2025-06-14,GLORIA,7727,149.0,115.9,223.814,0,False,
22232,2025-06-07,GLORIA,7727,149.0,116.9,242.515,0,False,
22161,2025-05-31,GLORIA,7727,149.0,114.76,237.365,0,False,
22099,2025-05-24,GLORIA,7727,149.0,115.55,223.799,0,False,
12565,2022-06-01,GLORIA,1927,150.0,121.64,257.646,0,False,
12659,2022-06-14,GLORIA,1927,150.0,123.5,245.749,0,False,
12678,2022-06-16,GLORIA,1927,150.0,122.0,237.705,0,False,
12815,2022-07-03,GLORIA,1927,150.0,123.0,232.52,0,False,
12971,2022-07-19,GLORIA,1927,150.0,122.1,214.547,0,False,
12939,2022-07-16,GLORIA,1927,150.0,120.7,224.772,0,False,
12907,2022-07-12,GLORIA,1927,150.0,123.0,221.057,0,False,
12881,2022-07-10,GLORIA,1927,150.0,125.87,211.965,0,False,
12855,2022-07-07,GLORIA,1927,150.0,120.1,225.312,0,False,
12843,2022-07-05,GLORIA,1927,150.0,121.1,226.755,0,False,
12796,2022-06-30,GLORIA,1927,150.0,125.1,231.735,0,False,
12698,2022-06-18,GLORIA,1927,150.0,121.3,221.682,0,False,
12788,2022-06-29,GLORIA,1927,150.0,122.7,232.437,0,False,
12773,2022-06-27,GLORIA,1927,150.0,124.7,235.686,0,False,
12754,2022-06-25,GLORIA,1927,150.0,123.5,229.717,0,False,
12740,2022-06-23,GLORIA,1927,150.0,120.15,234.29,0,False,
12726,2022-06-21,GLORIA,1927,150.0,121.69,236.42,0,False,
12708,2022-06-19,GLORIA,1927,150.0,122.93,234.036,0,False,
22052,2025-05-18,GLORIA,7727,149.0,114.4,240.035,0,False,
22005,2025-05-12,GLORIA,7727,149.0,115.0,240.87,0,False,
21951,2025-05-06,GLORIA,7727,149.0,114.17,241.394,0,False,
20925,2025-01-10,GLORIA,7727,149.0,119.55,230.698,0,False,
21245,2025-02-17,GLORIA,7727,149.0,119.1,227.036,0,False,
21220,2025-02-15,GLORIA,7727,149.0,120.5,226.473,0,False,
21144,2025-02-05,GLORIA,7727,149.0,120.05,223.907,0,False,
21003,2025-01-19,GLORIA,7727,149.0,120.15,243.196,0,False,
20964,2025-01-15,GLORIA,7727,149.0,117.1,224.765,0,False,
20949,2025-01-13,GLORIA,7725,149.0,116.4,223.625,0,False,
20869,2025-01-04,GLORIA,7725,149.0,119.75,247.182,0,False,
21367,2025-03-02,GLORIA,7727,149.0,117.06,215.018,0,False,
20548,2024-11-25,GLORIA,7727,149.0,118.16,223.341,0,False,
20537,2024-11-24,GLORIA,7727,149.0,122.28,205.021,0,False,
20488,2024-11-18,GLORIA,7727,149.0,117.53,232.111,0,False,
20452,2024-11-14,GLORIA,7727,149.0,116.3,244.712,0,False,
20384,2024-11-08,GLORIA,7727,149.0,117.0,222.65,0,False,
20359,2024-11-05,GLORIA,7727,149.0,118.0,220.339,0,False,
21267,2025-02-19,GLORIA,7727,149.0,119.6,219.147,0,False,
21388,2025-03-05,GLORIA,7727,149.0,115.16,219.0,0,False,
21909,2025-05-02,GLORIA,7727,149.0,115.41,229.01,0,False,
21604,2025-03-28,GLORIA,7727,149.0,115.72,221.829,0,False,
21864,2025-04-26,GLORIA,7727,149.0,117.36,244.121,0,False,
21788,2025-04-18,GLORIA,7727,149.0,114.1,253.9,0,False,
21751,2025-04-13,GLORIA,7727,149.0,114.7,230.689,0,False,
21723,2025-04-10,GLORIA,7727,149.0,114.2,230.385,0,False,
21682,2025-04-05,GLORIA,7725,149.0,117.09,230.079,0,False,
21643,2025-04-01,GLORIA,7727,149.0,113.28,233.934,0,False,
21582,2025-03-25,GLORIA,7727,149.0,115.88,245.513,0,False,
21411,2025-03-07,GLORIA,7727,149.0,113.66,210.892,0,False,
21533,2025-03-20,GLORIA,7727,149.0,118.01,217.354,0,False,
21519,2025-03-19,GLORIA,7727,149.0,112.69,231.254,0,False,
21510,2025-03-17,GLORIA,7727,149.0,115.55,232.28,0,False,
21489,2025-03-15,GLORIA,7725,149.0,113.86,229.58,0,False,
21469,2025-03-13,GLORIA,7727,149.0,118.41,230.048,0,False,
21444,2025-03-10,GLORIA,7727,149.0,117.24,236.267,0,False,
18619,2024-05-03,GLORIA,1927,150.0,117.94,216.466,0,False,
18698,2024-05-12,GLORIA,7727,150.0,119.93,224.214,0,False,
20511,2024-11-21,GLORIA,7727,150.0,122.45,228.583,0,False,
17159,2023-11-22,GLORIA,2350,1517.0,125.46,242.149,0,False,
15396,2023-05-12,GLORIA,2350,1517.0,124.65,225.11,0,False,
15372,2023-05-10,GLORIA,2350,1517.0,123.4,227.796,0,False,
15318,2023-05-06,GLORIA,2350,1517.0,123.95,227.672,0,False,
15294,2023-05-03,GLORIA,2350,1517.0,125.48,233.822,0,False,
15250,2023-04-27,GLORIA,2350,1517.0,125.04,237.844,0,False,
15187,2023-04-20,GLORIA,2350,1517.0,125.14,239.012,0,False,
15152,2023-04-15,GLORIA,2350,1517.0,125.03,232.984,0,False,
15125,2023-04-12,GLORIA,2350,1517.0,124.88,235.987,0,False,
15115,2023-04-11,GLORIA,2350,1517.0,124.71,227.889,0,False,
15087,2023-04-07,GLORIA,2350,1517.0,126.04,234.767,0,False,
15073,2023-04-05,GLORIA,2350,1517.0,124.59,224.657,0,False,
15035,2023-03-31,GLORIA,2350,1517.0,124.17,263.026,0,False,
15019,2023-03-28,GLORIA,2350,1517.0,125.89,253.793,0,False,
15000,2023-03-25,GLORIA,2350,1517.0,124.43,250.824,0,False,
14977,2023-03-22,GLORIA,2350,1517.0,124.72,235.487,0,False,
15427,2023-05-16,GLORIA,2350,1517.0,123.42,242.991,0,False,
15500,2023-05-26,GLORIA,2350,1517.0,125.8,231.876,0,False,
15573,2023-06-03,GLORIA,2350,1517.0,123.98,257.945,0,False,
15995,2023-07-18,GLORIA,2350,1517.0,125.38,251.954,0,False,
17055,2023-11-10,GLORIA,2350,1517.0,122.04,260.98,0,False,
17014,2023-11-06,GLORIA,2350,1517.0,124.1,246.898,0,False,
16982,2023-11-03,GLORIA,2350,1517.0,124.32,240.026,0,False,
16411,2023-09-01,GLORIA,2350,1517.0,120.3,203.076,0,False,
16107,2023-07-31,GLORIA,2350,1517.0,124.04,242.986,0,False,
16020,2023-07-20,GLORIA,2350,1517.0,125.57,251.971,0,False,
15917,2023-07-07,GLORIA,2350,1517.0,123.67,235.627,0,False,
15609,2023-06-05,GLORIA,2350,1517.0,125.64,254.378,0,False,
15888,2023-07-02,GLORIA,2350,1517.0,124.68,230.189,0,False,
15817,2023-06-25,GLORIA,2350,1517.0,122.68,238.996,0,False,
15783,2023-06-22,GLORIA,2350,1517.0,121.6,235.855,0,False,
15713,2023-06-16,GLORIA,2350,1517.0,124.04,237.101,0,False,
15703,2023-06-13,GLORIA,2350,1517.0,121.86,254.554,0,False,
15661,2023-06-09,GLORIA,2350,1517.0,124.43,252.592,0,False,
14960,2023-03-20,GLORIA,2350,1517.0,125.98,234.879,0,False,
14896,2023-03-12,GLORIA,2350,1517.0,125.91,219.998,0,False,
14874,2023-03-08,GLORIA,2350,1517.0,123.64,227.839,0,False,
14117,2022-11-29,GLORIA,2350,1517.0,124.77,248.778,0,False,
14250,2022-12-17,GLORIA,2350,1517.0,123.91,239.287,0,False,
14236,2022-12-15,GLORIA,2350,1517.0,124.1,238.195,0,False,
14219,2022-12-13,GLORIA,2350,1517.0,123.6,240.453,0,False,
14201,2022-12-10,GLORIA,2350,1517.0,122.79,233.814,0,False,
14177,2022-12-06,GLORIA,2350,1517.0,123.39,252.938,0,False,
14139,2022-12-01,GLORIA,2350,1517.0,126.09,257.039,0,False,
14106,2022-11-27,GLORIA,2350,1517.0,125.88,234.906,0,False,
14315,2022-12-24,GLORIA,2350,1517.0,125.68,240.85,0,False,
14080,2022-11-24,GLORIA,2350,1517.0,125.26,244.212,0,False,
14052,2022-11-20,GLORIA,2350,1517.0,125.11,235.793,0,False,
14028,2022-11-18,GLORIA,2350,1517.0,123.76,261.231,0,False,
14008,2022-11-16,GLORIA,2350,1517.0,123.58,258.942,0,False,
13996,2022-11-13,GLORIA,2350,1517.0,126.8,242.902,0,False,
13980,2022-11-11,GLORIA,2350,1517.0,120.07,251.187,0,False,
14288,2022-12-21,GLORIA,2350,1517.0,123.24,253.246,0,False,
14333,2022-12-28,GLORIA,2350,1517.0,122.8,246.336,0,False,
14861,2023-03-07,GLORIA,2350,1517.0,119.85,241.719,0,False,
14645,2023-02-06,GLORIA,2350,1517.0,126.06,240.124,0,False,
14841,2023-03-04,GLORIA,2350,1517.0,123.21,241.782,0,False,
14829,2023-03-03,GLORIA,2350,1517.0,126.3,239.272,0,False,
14781,2023-02-24,GLORIA,2350,1517.0,125.08,261.193,0,False,
14738,2023-02-16,GLORIA,2350,1517.0,122.6,234.095,0,False,
14721,2023-02-15,GLORIA,2350,1517.0,122.47,221.034,0,False,
14674,2023-02-10,GLORIA,2350,1517.0,123.72,239.088,0,False,
14608,2023-02-02,GLORIA,2350,1517.0,122.22,251.595,0,False,
14356,2022-12-30,GLORIA,2350,1517.0,121.03,236.388,0,False,
14587,2023-01-30,GLORIA,2350,1517.0,122.11,247.809,0,False,
14556,2023-01-27,GLORIA,2350,1517.0,125.39,240.37,0,False,
14528,2023-01-24,GLORIA,2350,1517.0,126.42,233.27,0,False,
14492,2023-01-19,GLORIA,2350,1517.0,126.6,237.204,0,False,
14458,2023-01-15,GLORIA,2350,1517.0,123.21,242.026,0,False,
14435,2023-01-12,GLORIA,2350,1517.0,125.29,246.468,0,False,
17113,2023-11-17,GLORIA,2350,1517.0,113.12,247.702,0,False,
17190,2023-11-25,GLORIA,2350,1517.0,124.94,220.666,0,False,
20868,2025-01-04,GLORIA,8068,150.0,132.66,245.741,0,False,
17342,2023-12-13,GLORIA,2350,1517.0,123.4,229.579,0,False,
19427,2024-07-29,GLORIA,2350,1517.0,119.42,220.817,0,False,
19406,2024-07-27,GLORIA,2350,1517.0,122.95,210.004,0,False,
19394,2024-07-26,GLORIA,7646,1517.0,109.9,211.101,0,False,
19377,2024-07-24,GLORIA,7646,1517.0,114.35,215.216,0,False,
19366,2024-07-23,GLORIA,2350,1517.0,117.83,215.819,0,False,
19339,2024-07-20,GLORIA,2350,1517.0,122.91,212.351,0,False,
19294,2024-07-12,GLORIA,2350,1517.0,119.97,216.971,0,False,
19260,2024-07-11,GLORIA,2350,1517.0,119.97,216.971,0,False,
19213,2024-07-07,GLORIA,2350,1517.0,123.25,210.061,0,False,
19166,2024-07-02,GLORIA,2350,1517.0,119.43,220.548,0,False,
19151,2024-06-30,GLORIA,2350,1517.0,123.3,215.004,0,False,
19128,2024-06-28,GLORIA,2350,1517.0,119.77,214.828,0,False,
19103,2024-06-26,GLORIA,2350,1517.0,121.76,214.274,0,False,
19071,2024-06-23,GLORIA,2350,1517.0,117.23,231.852,0,False,
19032,2024-06-19,GLORIA,2350,1517.0,122.58,215.533,0,False,
19448,2024-07-31,GLORIA,2350,1517.0,118.07,215.635,0,False,
19513,2024-08-08,GLORIA,7646,1517.0,110.78,202.203,0,False,
19538,2024-08-10,GLORIA,2350,1517.0,119.65,203.677,0,False,
20074,2024-10-05,GLORIA,2350,1517.0,116.8,215.497,0,False,
20380,2024-11-07,GLORIA,2350,1517.0,118.7,222.915,0,False,
20347,2024-11-04,GLORIA,2350,1517.0,119.8,219.449,0,False,
20265,2024-10-25,GLORIA,2350,1517.0,116.0,205.69,0,False,
20208,2024-10-20,GLORIA,2350,1517.0,119.5,236.485,0,False,
20187,2024-10-17,GLORIA,2350,1517.0,120.25,214.719,0,False,
20119,2024-10-11,GLORIA,2350,1517.0,117.09,218.891,0,False,
19951,2024-09-22,GLORIA,2350,1517.0,116.54,221.812,0,False,
19550,2024-08-11,GLORIA,7646,1517.0,109.97,221.333,0,False,
19931,2024-09-20,GLORIA,2350,1517.0,117.45,232.865,0,False,
19899,2024-09-17,GLORIA,2350,1517.0,118.7,225.274,0,False,
19711,2024-08-27,GLORIA,2350,1517.0,122.36,210.853,0,False,
19649,2024-08-22,GLORIA,2350,1517.0,121.0,202.479,0,False,
19652,2024-08-22,GLORIA,7646,1517.0,111.79,202.88,0,False,
19551,2024-08-12,GLORIA,2350,1517.0,116.71,220.975,0,False,
18998,2024-06-15,GLORIA,2350,1517.0,120.94,220.771,0,False,
18962,2024-06-12,GLORIA,2350,1517.0,112.15,215.337,0,False,
18937,2024-06-09,GLORIA,2350,1517.0,120.95,226.54,0,False,
18035,2024-02-26,GLORIA,2350,1517.0,124.15,235.522,0,False,
18223,2024-03-20,GLORIA,2350,1517.0,118.67,208.646,0,False,
18193,2024-03-16,GLORIA,2350,1517.0,124.6,222.953,0,False,
18155,2024-03-12,GLORIA,2350,1517.0,125.02,230.683,0,False,
18128,2024-03-08,GLORIA,2350,1517.0,123.7,226.273,0,False,
18111,2024-03-06,GLORIA,2350,1517.0,125.1,252.678,0,False,
18093,2024-03-04,GLORIA,2350,1517.0,122.45,259.535,0,False,
17874,2024-02-10,GLORIA,2350,1517.0,122.22,257.405,0,False,
18343,2024-04-03,GLORIA,2350,1517.0,124.28,213.228,0,False,
17823,2024-02-04,GLORIA,2350,1517.0,120.4,245.432,0,False,
17796,2024-02-01,GLORIA,2350,1517.0,126.32,234.642,0,False,
17776,2024-01-30,GLORIA,2350,1517.0,128.18,236.074,0,False,
17758,2024-01-28,GLORIA,2350,1517.0,122.46,233.791,0,False,
17704,2024-01-23,GLORIA,2350,1517.0,122.82,227.732,0,False,
17665,2024-01-18,GLORIA,2350,1517.0,125.18,235.181,0,False,
18293,2024-03-28,GLORIA,2350,1517.0,124.46,228.427,0,False,
18394,2024-04-08,GLORIA,2350,1517.0,124.69,233.539,0,False,
18925,2024-06-06,GLORIA,2350,1517.0,120.84,217.726,0,False,
18691,2024-05-11,GLORIA,2350,1517.0,124.24,226.658,0,False,
18900,2024-06-03,GLORIA,2350,1517.0,121.73,210.712,0,False,
18866,2024-05-31,GLORIA,2350,1517.0,121.93,209.136,0,False,
18807,2024-05-25,GLORIA,2350,1517.0,124.37,217.014,0,False,
18777,2024-05-22,GLORIA,2350,1517.0,125.1,219.744,0,False,
18737,2024-05-17,GLORIA,2350,1517.0,121.05,216.935,0,False,
18704,2024-05-14,GLORIA,2350,1517.0,124.55,218.145,0,False,
18671,2024-05-09,GLORIA,2350,1517.0,124.55,214.372,0,False,
18417,2024-04-11,GLORIA,2350,1517.0,123.03,215.069,0,False,
18732,2024-05-16,GLORIA,7727,138.0,118.5,229.114,0,False,
18623,2024-05-04,GLORIA,2350,1517.0,124.75,212.906,0,False,
18583,2024-04-29,GLORIA,2350,1517.0,123.59,226.556,0,False,
18548,2024-04-26,GLORIA,2350,1517.0,124.14,208.958,0,False,
18520,2024-04-22,GLORIA,2350,1517.0,122.6,214.274,0,False,
18459,2024-04-17,GLORIA,2350,1517.0,125.34,209.271,0,False,
13946,2022-11-06,GLORIA,2350,1517.0,126.66,232.591,0,False,
13879,2022-10-29,GLORIA,2350,1517.0,124.29,247.244,0,False,
13857,2022-10-27,GLORIA,2350,1517.0,123.78,229.035,0,False,
13812,2022-10-22,GLORIA,2350,1517.0,126.28,232.341,0,False,
22073,2025-05-21,GLORIA,6752,199.0,108.28,234.946,0,False,
22035,2025-05-17,GLORIA,6752,199.0,109.65,237.027,0,False,
21960,2025-05-07,GLORIA,6752,199.0,108.28,238.271,0,False,
21929,2025-05-04,GLORIA,6752,199.0,109.0,239.817,0,False,
21719,2025-04-10,GLORIA,6752,199.0,109.47,234.402,0,False,
21573,2025-03-24,GLORIA,6752,199.0,110.1,239.51,0,False,
21450,2025-03-11,GLORIA,6752,199.0,109.74,216.147,0,False,
21379,2025-03-04,GLORIA,6752,199.0,110.1,225.522,0,False,
21341,2025-02-28,GLORIA,6752,199.0,109.47,236.503,0,False,
21129,2025-02-03,GLORIA,6752,199.0,107.19,245.265,0,False,
21011,2025-01-20,GLORIA,6752,199.0,111.55,231.286,0,False,
20751,2024-12-18,GLORIA,6752,199.0,107.19,233.79,0,False,
20495,2024-11-19,GLORIA,6752,199.0,108.0,224.259,0,False,
20428,2024-11-12,GLORIA,6752,199.0,106.2,231.073,0,False,
20364,2024-11-06,GLORIA,6752,199.0,110.1,211.262,0,False,
22139,2025-05-28,GLORIA,6752,199.0,111.55,213.716,0,False,
12830,2022-07-04,GLORIA,812,1410.0,72.1,225.52,0,False,
10469,2021-08-30,GLORIA,2350,1517.0,114.2,228.459,0,False,
11138,2021-11-29,GLORIA,999,1517.0,116.15,220.405,0,False,
11284,2021-12-21,GLORIA,2350,1517.0,126.5,240.474,0,False,
11256,2021-12-17,GLORIA,2350,1517.0,124.28,233.505,0,False,
11235,2021-12-14,GLORIA,2350,1517.0,123.0,233.089,0,False,
11218,2021-12-12,GLORIA,2350,1517.0,126.0,215.794,0,False,
11196,2021-12-09,GLORIA,2350,1517.0,122.0,219.262,0,False,
11165,2021-12-05,GLORIA,2350,1517.0,121.0,217.521,0,False,
11108,2021-11-25,GLORIA,2350,1517.0,124.5,219.116,0,False,
10602,2021-09-14,GLORIA,2350,1517.0,114.8,212.979,0,False,
11078,2021-11-22,GLORIA,2350,1517.0,125.8,222.814,0,False,
11047,2021-11-15,GLORIA,2350,1517.0,118.0,228.644,0,False,
10944,2021-11-03,GLORIA,2350,1517.0,122.5,228.163,0,False,
10842,2021-10-22,GLORIA,999,1517.0,64.2,216.667,0,False,
10648,2021-09-26,GLORIA,2350,1517.0,115.0,240.957,0,False,
10632,2021-09-23,GLORIA,2350,1517.0,114.96,231.82,0,False,
20333,2024-11-03,GLORIA,6752,199.0,109.7,228.35,0,False,
20307,2024-10-31,GLORIA,6752,199.0,107.65,223.409,0,False,
20258,2024-10-25,GLORIA,6752,199.0,110.1,213.442,0,False,
20224,2024-10-21,MATA VERDE,356,184.0,110.7,203.433,0,False,
21210,2025-02-14,MATA VERDE,356,184.0,113.35,212.704,0,False,
21089,2025-01-29,MATA VERDE,356,184.0,112.2,214.884,0,False,
20638,2024-12-06,MATA VERDE,1866,184.0,107.53,201.153,0,False,
20517,2024-11-22,MATA VERDE,356,184.0,106.79,212.379,0,False,
20414,2024-11-11,MATA VERDE,356,184.0,108.5,227.005,0,False,
20387,2024-11-08,MATA VERDE,356,184.0,109.72,211.174,0,False,
21556,2025-03-23,GLORIA,7727,150.0,115.36,257.715,0,False,
21412,2025-03-07,MATA VERDE,356,184.0,112.65,204.794,0,False,
21104,2025-01-31,GLORIA,7727,150.0,119.1,239.043,0,False,
21067,2025-01-27,GLORIA,7727,150.0,116.05,237.398,0,False,
21048,2025-01-24,GLORIA,7727,150.0,118.65,212.727,0,False,
21031,2025-01-22,GLORIA,8077,150.0,116.5,208.927,0,False,
20886,2025-01-06,GLORIA,8068,150.0,133.5,232.659,0,False,
20887,2025-01-06,GLORIA,7727,150.0,119.5,238.745,0,False,
21241,2025-02-17,MATA VERDE,356,184.0,113.74,213.909,0,False,
21479,2025-03-14,MATA VERDE,356,184.0,113.01,216.618,0,False,
20240,2024-10-23,GLORIA,6752,199.0,107.2,206.651,0,False,
19845,2024-09-12,MATA VERDE,6752,199.0,106.83,205.935,0,False,
20198,2024-10-19,GLORIA,6752,199.0,106.04,212.467,0,False,
20168,2024-10-16,GLORIA,6752,199.0,109.0,220.367,0,False,
20145,2024-10-13,MATA VERDE,6752,199.0,108.65,204.786,0,False,
20057,2024-10-04,MATA VERDE,6752,199.0,107.65,205.574,0,False,
19910,2024-09-18,MATA VERDE,6752,199.0,109.3,206.404,0,False,
19868,2024-09-14,MATA VERDE,6752,199.0,106.1,215.74,0,False,
19816,2024-09-09,MATA VERDE,6752,199.0,105.4,211.101,0,False,
21734,2025-04-12,MATA VERDE,356,184.0,110.1,200.091,0,False,
19561,2024-08-13,GLORIA,6752,199.0,117.19,216.23,0,False,
19527,2024-08-09,GLORIA,6752,199.0,106.56,214.527,0,False,
19432,2024-07-30,GLORIA,6752,199.0,103.56,219.197,0,False,
19412,2024-07-28,GLORIA,6752,199.0,106.83,215.295,0,False,
22235,2025-06-07,MATA VERDE,356,184.0,113.0,201.239,0,False,
21875,2025-04-29,MATA VERDE,356,184.0,111.92,231.237,0,False,
11309,2021-12-24,GLORIA,2350,1517.0,126.6,219.589,0,False,
11338,2021-12-28,GLORIA,2350,1517.0,125.0,223.68,0,False,
11378,2022-01-03,GLORIA,2350,1517.0,122.3,281.684,0,False,
12949,2022-07-17,GLORIA,2350,1517.0,124.5,228.032,0,False,
13154,2022-08-11,GLORIA,2350,1517.0,126.4,226.028,0,False,
13131,2022-08-08,GLORIA,2350,1517.0,125.0,230.32,0,False,
13093,2022-08-04,GLORIA,2350,1517.0,125.2,223.083,0,False,
13040,2022-07-29,GLORIA,2350,1517.0,127.31,220.721,0,False,
13009,2022-07-24,GLORIA,2350,1517.0,125.3,222.027,0,False,
12991,2022-07-22,GLORIA,2350,1517.0,119.7,232.999,0,False,
12922,2022-07-14,GLORIA,2350,1517.0,126.5,224.19,0,False,
13221,2022-08-18,GLORIA,2350,1517.0,125.0,240.8,0,False,
12895,2022-07-11,GLORIA,2350,1517.0,123.0,230.244,0,False,
12873,2022-07-09,GLORIA,2350,1517.0,128.0,210.859,0,False,
12812,2022-07-02,GLORIA,2350,1517.0,127.56,220.994,0,False,
12798,2022-06-30,GLORIA,2350,1517.0,128.16,229.479,0,False,
12781,2022-06-28,GLORIA,2350,1517.0,126.0,226.111,0,False,
12763,2022-06-26,GLORIA,2350,1517.0,126.5,226.64,0,False,
13196,2022-08-15,GLORIA,2350,1517.0,121.0,229.421,0,False,
13241,2022-08-20,GLORIA,2350,1517.0,125.37,221.504,0,False,
12720,2022-06-21,GLORIA,2350,1517.0,127.6,240.282,0,False,
13489,2022-09-17,GLORIA,2350,1517.0,128.5,249.805,0,False,
13789,2022-10-20,GLORIA,2350,1517.0,124.77,230.344,0,False,
13687,2022-10-09,GLORIA,2350,1517.0,122.88,243.164,0,False,
13650,2022-10-05,GLORIA,2350,1517.0,125.0,239.76,0,False,
13614,2022-10-01,GLORIA,2350,1517.0,125.55,253.286,0,False,
13590,2022-09-27,GLORIA,2350,1517.0,127.69,242.619,0,False,
13527,2022-09-21,GLORIA,2350,1517.0,128.6,257.854,0,False,
13470,2022-09-15,GLORIA,2350,1517.0,126.0,259.206,0,False,
13275,2022-08-24,GLORIA,2350,1517.0,124.75,232.017,0,False,
13457,2022-09-13,GLORIA,2350,1517.0,126.3,241.251,0,False,
13427,2022-09-10,GLORIA,2350,1517.0,126.0,247.222,0,False,
13409,2022-09-08,GLORIA,2350,1517.0,126.0,241.508,0,False,
13389,2022-09-06,GLORIA,2350,1517.0,125.76,240.617,0,False,
13361,2022-09-02,GLORIA,2350,1517.0,124.8,225.481,0,False,
13335,2022-08-30,GLORIA,2350,1517.0,125.3,227.215,0,False,
12743,2022-06-24,GLORIA,2350,1517.0,126.09,225.553,0,False,
12692,2022-06-17,GLORIA,2350,1517.0,126.8,239.748,0,False,
11519,2022-01-21,GLORIA,2350,1517.0,123.0,257.561,0,False,
11812,2022-03-02,GLORIA,2350,1517.0,124.5,245.542,0,False,
11948,2022-03-20,GLORIA,2350,1517.0,124.49,247.008,0,False,
11925,2022-03-17,GLORIA,2350,1517.0,121.72,250.657,0,False,
11912,2022-03-15,GLORIA,2350,1517.0,122.58,253.304,0,False,
11885,2022-03-11,GLORIA,2350,1517.0,123.5,253.846,0,False,
11864,2022-03-09,GLORIA,2350,1517.0,124.0,264.758,0,False,
11833,2022-03-05,GLORIA,2350,1517.0,126.0,250.794,0,False,
11791,2022-02-27,GLORIA,2350,1517.0,122.0,244.836,0,False,
12068,2022-04-04,GLORIA,2350,1517.0,119.4,254.355,0,False,
11771,2022-02-25,GLORIA,2350,1517.0,121.7,251.356,0,False,
11748,2022-02-22,GLORIA,2350,1517.0,126.8,244.006,0,False,
11735,2022-02-20,GLORIA,2350,1517.0,125.0,244.48,0,False,
11720,2022-02-18,GLORIA,2350,1517.0,124.6,240.209,0,False,
11703,2022-02-16,GLORIA,2350,1517.0,120.4,243.439,0,False,
11556,2022-01-26,GLORIA,2350,1517.0,125.0,258.72,0,False,
12054,2022-04-02,GLORIA,2350,1517.0,123.69,260.247,0,False,
12082,2022-04-06,GLORIA,2350,1517.0,125.8,267.329,0,False,
12667,2022-06-15,GLORIA,2350,1517.0,124.8,234.295,0,False,
12328,2022-05-05,GLORIA,2350,1517.0,124.76,253.206,0,False,
12535,2022-05-28,GLORIA,2350,1517.0,127.0,237.402,0,False,
12503,2022-05-26,GLORIA,2350,1517.0,123.69,250.95,0,False,
12487,2022-05-24,GLORIA,2350,1517.0,124.56,235.389,0,False,
12395,2022-05-13,GLORIA,2350,1517.0,123.98,239.797,0,False,
12380,2022-05-11,GLORIA,2350,1517.0,124.77,236.996,0,False,
12360,2022-05-09,GLORIA,2350,1517.0,124.2,251.53,0,False,
12303,2022-05-02,GLORIA,2350,1517.0,123.21,255.336,0,False,
12099,2022-04-08,GLORIA,2350,1517.0,123.33,255.412,0,False,
12282,2022-04-30,GLORIA,2350,1517.0,125.06,248.761,0,False,
12256,2022-04-28,GLORIA,2350,1517.0,124.24,237.524,0,False,
12227,2022-04-24,GLORIA,2350,1517.0,126.22,248.138,0,False,
12193,2022-04-20,GLORIA,2350,1517.0,126.05,240.222,0,False,
12146,2022-04-13,GLORIA,2350,1517.0,122.75,233.075,0,False,
12120,2022-04-10,GLORIA,2350,1517.0,122.75,258.411,0,False,
18637,2024-05-05,GLORIA,2350,1517.0,125.72,208.161,0,False,
