FazendaNome,Numero,Data,Metragem,DensidadeSeca,Umidade,PlacaVeiculo,MotoristaVeiculo,PesoBruto
MATA VERDE,20855,2025-01-02,118.8,244.865,5.31,8011,1713.0,49120.0
MATA VERDE,20879,2025-01-05,119.2,228.02,6.6,8011,1713.0,47260.0
MATA VERDE,20896,2025-01-07,116.3,223.99,3.61,7898,4535.0,47870.0
MATA VERDE,20921,2025-01-10,121.6,225.74,8.26,8011,1713.0,47530.0
MATA VERDE,20939,2025-01-12,115.88,225.923,9.72,7898,4535.0,47980.0
MATA VERDE,20953,2025-01-14,117.04,218.045,4.71,8011,1713.0,45620.0
MATA VERDE,20975,2025-01-16,124.2,202.013,4.14,8011,1713.0,44760.0
MATA VERDE,20999,2025-01-19,121.58,221.994,5.04,7898,4535.0,48630.0
MATA VERDE,21012,2025-01-20,110.95,210.816,5.7,7915,5865.0,45950.0
MATA VERDE,21025,2025-01-22,119.0,219.832,6.21,7898,6003.0,47550.0
MATA VERDE,21049,2025-01-24,117.67,229.2,5.74,8011,1713.0,47060.0
MATA VERDE,21089,2025-01-29,112.2,214.884,5.63,356,184.0,43180.0
MATA VERDE,21112,2025-01-31,113.15,211.051,13.29,7915,5865.0,46570.0
MATA VERDE,21126,2025-02-03,111.55,197.323,18.86,1866,2370.0,42900.0
MATA VERDE,21127,2025-02-03,114.89,218.905,7.59,7915,5865.0,47600.0
MATA VERDE,21157,2025-02-07,124.2,247.424,11.27,8011,1713.0,50940.0
MATA VERDE,21198,2025-02-12,112.05,233.11,6.12,7915,5865.0,48570.0
MATA VERDE,19757,2024-09-03,119.68,199.532,3.29,7898,4605.0,45170.0
MATA VERDE,19794,2024-09-06,119.6,208.11,4.45,7899,1713.0,44950.0
MATA VERDE,19816,2024-09-09,105.4,211.101,2.77,6752,199.0,42460.0
MATA VERDE,19845,2024-09-12,106.83,205.935,2.46,6752,199.0,42400.0
MATA VERDE,19855,2024-09-12,107.4,204.562,3.58,7646,2921.0,40820.0
MATA VERDE,19868,2024-09-14,106.1,215.74,2.82,6752,199.0,43230.0
MATA VERDE,19910,2024-09-18,109.3,206.404,4.25,6752,199.0,43050.0
MATA VERDE,19950,2024-09-22,111.3,224.259,4.12,7915,5865.0,47430.0
MATA VERDE,19956,2024-09-23,115.3,220.121,5.73,7898,4605.0,46750.0
MATA VERDE,19988,2024-09-25,118.75,204.463,4.07,7899,1713.0,44330.0
MATA VERDE,20006,2024-09-27,117.96,200.831,4.28,7899,1713.0,43760.0
MATA VERDE,20028,2024-09-29,121.49,204.379,3.25,7899,1713.0,44880.0
MATA VERDE,20057,2024-10-04,107.65,205.574,4.01,6752,199.0,42400.0
MATA VERDE,20070,2024-10-05,120.0,196.417,3.36,7915,5865.0,43930.0
MATA VERDE,20092,2024-10-07,107.0,195.701,3.73,6752,199.0,41330.0
MATA VERDE,20109,2024-10-09,115.0,202.783,5.09,7915,5865.0,43530.0
MATA VERDE,20145,2024-10-13,108.65,204.786,6.01,6752,199.0,42720.0
MATA VERDE,20152,2024-10-14,114.3,206.999,7.03,7898,4605.0,44880.0
MATA VERDE,20204,2024-10-19,115.55,210.299,5.15,7915,5865.0,44510.0
MATA VERDE,20223,2024-10-21,115.17,212.903,3.67,7915,5865.0,44750.0
MATA VERDE,20224,2024-10-21,110.7,203.433,6.6,356,184.0,41400.0
MATA VERDE,20275,2024-10-27,115.94,211.905,5.07,7915,5865.0,45600.0
MATA VERDE,20295,2024-10-29,117.14,272.068,11.59,7915,5865.0,52090.0
MATA VERDE,20316,2024-11-01,108.6,190.608,3.25,356,184.0,39650.0
MATA VERDE,20354,2024-11-05,115.3,232.697,6.09,7915,5865.0,47350.0
MATA VERDE,20387,2024-11-08,109.72,211.174,6.34,356,184.0,42370.0
MATA VERDE,20393,2024-11-09,120.0,220.25,5.88,8011,1713.0,46460.0
MATA VERDE,20414,2024-11-11,108.5,227.005,9.11,356,184.0,43710.0
MATA VERDE,20447,2024-11-14,114.0,196.754,3.5,7915,5865.0,42950.0
MATA VERDE,20460,2024-11-15,113.53,217.299,5.1,7898,4535.0,46730.0
MATA VERDE,20480,2024-11-18,112.55,217.237,5.31,7898,4535.0,46530.0
MATA VERDE,20504,2024-11-20,116.33,211.811,5.6,7915,5865.0,45220.0
MATA VERDE,20517,2024-11-22,106.79,212.379,5.08,356,184.0,41680.0
MATA VERDE,20568,2024-11-28,113.61,218.819,3.66,7915,4535.0,46350.0
MATA VERDE,20581,2024-11-29,120.0,210.167,4.94,8011,1713.0,45280.0
MATA VERDE,20605,2024-12-02,118.85,207.32,5.86,8011,1713.0,44620.0
MATA VERDE,20630,2024-12-04,120.0,214.583,6.31,8011,1713.0,45940.0
MATA VERDE,20638,2024-12-06,107.53,201.153,5.47,1866,184.0,40620.0
MATA VERDE,20682,2024-12-10,119.22,230.247,5.2,8011,1713.0,47450.0
MATA VERDE,20696,2024-12-12,108.57,219.674,3.08,7915,5865.0,44200.0
MATA VERDE,20740,2024-12-17,114.85,212.451,5.52,7898,4535.0,45880.0
MATA VERDE,20764,2024-12-19,117.75,217.24,5.94,7898,4535.0,46940.0
MATA VERDE,20806,2024-12-24,118.8,225.589,5.54,8011,1713.0,46820.0
MATA VERDE,20819,2024-12-26,111.67,220.561,4.85,7915,5865.0,47030.0
MATA VERDE,20850,2024-12-31,116.64,212.706,4.34,7898,4535.0,46520.0
MATA VERDE,21210,2025-02-14,113.35,212.704,8.14,356,184.0,43190.0
MATA VERDE,21241,2025-02-17,113.74,213.909,4.21,356,184.0,43540.0
MATA VERDE,21260,2025-02-18,117.0,235.299,6.18,7898,6025.0,48960.0
MATA VERDE,21261,2025-02-19,122.33,223.167,11.03,8011,1713.0,47410.0
MATA VERDE,21281,2025-02-22,113.16,236.479,6.22,7915,5865.0,49190.0
MATA VERDE,21286,2025-02-22,114.74,246.122,6.29,7898,6025.0,49840.0
MATA VERDE,21311,2025-02-25,120.48,231.076,5.65,8011,1713.0,47910.0
MATA VERDE,21353,2025-03-01,121.15,230.128,7.63,8011,1713.0,47670.0
MATA VERDE,21369,2025-03-03,114.1,194.566,8.34,356,184.0,41190.0
MATA VERDE,21402,2025-03-06,120.0,216.083,6.91,8011,1713.0,45840.0
MATA VERDE,21412,2025-03-07,112.65,204.794,7.64,356,184.0,42090.0
MATA VERDE,19848,2024-09-12,129.7,246.646,2.81,2350,1517.0,46460.0
MATA VERDE,21442,2025-03-10,115.5,208.398,4.56,7898,6025.0,45510.0
MATA VERDE,19909,2024-09-12,113.7,281.354,2.81,2350,1517.0,46460.0
MATA VERDE,21478,2025-03-14,121.55,209.708,5.87,8011,1713.0,45470.0
MATA VERDE,21479,2025-03-14,113.01,216.618,4.82,356,184.0,43360.0
MATA VERDE,21514,2025-03-18,113.74,196.94,5.66,356,184.0,41310.0
MATA VERDE,21523,2025-03-19,122.33,216.464,4.25,8011,1713.0,46440.0
MATA VERDE,21534,2025-03-20,118.54,225.325,11.77,7898,6025.0,48230.0
MATA VERDE,21565,2025-03-23,117.78,226.439,5.03,7898,6003.0,48280.0
MATA VERDE,21639,2025-03-31,121.16,201.387,6.06,8011,1713.0,44320.0
MATA VERDE,21662,2025-04-03,117.4,234.838,5.18,7898,6003.0,49100.0
MATA VERDE,21687,2025-04-06,116.4,191.667,9.46,356,184.0,41230.0
MATA VERDE,21704,2025-04-08,122.85,217.42,9.01,8011,1713.0,46610.0
MATA VERDE,21734,2025-04-12,110.1,200.091,3.82,356,184.0,41100.0
MATA VERDE,21752,2025-04-14,124.27,198.922,6.75,8011,1713.0,44630.0
MATA VERDE,21785,2025-04-17,117.4,209.37,7.66,7898,6025.0,46350.0
MATA VERDE,21839,2025-04-23,123.5,195.951,4.65,8011,1713.0,44170.0
MATA VERDE,21853,2025-04-25,113.5,214.185,4.71,7915,5865.0,46810.0
MATA VERDE,21875,2025-04-29,111.92,231.237,4.67,356,184.0,45060.0
MATA VERDE,21886,2025-04-30,114.0,221.93,6.01,7898,6025.0,47010.0
MATA VERDE,21922,2025-05-03,124.2,206.28,6.6,8011,1713.0,45460.0
MATA VERDE,21938,2025-05-05,120.86,225.054,7.14,8011,1713.0,47250.0
MATA VERDE,21967,2025-05-08,112.98,221.721,4.25,7898,6025.0,46730.0
MATA VERDE,22179,2025-06-02,124.08,215.946,13.21,7889,6123.0,48550.0
MATA VERDE,22183,2025-06-02,120.48,213.645,6.99,8011,1713.0,45640.0
MATA VERDE,22219,2025-06-05,112.65,191.656,7.53,356,184.0,40660.0
MATA VERDE,22233,2025-06-07,119.68,200.201,5.17,7898,6025.0,45380.0
MATA VERDE,22235,2025-06-07,113.0,201.239,4.16,356,184.0,41670.0
MATA VERDE,22255,2025-06-09,115.4,214.731,4.57,7915,5865.0,47340.0
MATA VERDE,22284,2025-06-12,117.28,201.825,6.48,8011,1713.0,43520.0
MATA VERDE,22320,2025-06-16,110.5,222.172,5.01,7915,5865.0,47020.0
MATA VERDE,22332,2025-06-17,118.54,195.799,6.32,7898,6155.0,44720.0
MATA VERDE,22365,2025-06-20,112.65,181.536,5.43,356,184.0,39510.0
MATA VERDE,22386,2025-06-22,112.04,208.14,4.91,7915,5865.0,45700.0
MATA VERDE,22441,2025-06-28,125.26,182.66,3.6,2350,1517.0,42750.0
MATA VERDE,22444,2025-06-29,109.35,197.897,7.36,356,184.0,40680.0
GLORIA,20859,2025-01-03,109.7,276.208,6.51,6752,199.0,50960.0
GLORIA,20861,2025-01-03,71.68,245.675,6.61,812,5149.0,28640.0
GLORIA,20865,2025-01-03,129.33,265.058,6.93,2350,1517.0,55040.0
GLORIA,20868,2025-01-04,132.66,245.741,7.18,8068,150.0,52850.0
GLORIA,20874,2025-01-04,108.15,238.927,7.85,7646,2921.0,44920.0
GLORIA,20869,2025-01-04,119.75,247.182,7.08,7725,149.0,51760.0
GLORIA,20877,2025-01-05,130.2,239.017,6.54,2350,1517.0,51160.0
GLORIA,20886,2025-01-06,133.5,232.659,11.04,8068,150.0,51440.0
GLORIA,20893,2025-01-06,108.92,233.566,8.27,6752,199.0,46100.0
GLORIA,20895,2025-01-06,71.9,223.922,6.3,812,5149.0,27190.0
GLORIA,20887,2025-01-06,119.5,238.745,7.18,7727,150.0,51290.0
GLORIA,20904,2025-01-07,133.35,233.371,5.24,2350,1517.0,51160.0
GLORIA,20912,2025-01-09,112.4,202.669,5.04,7646,2921.0,41690.0
GLORIA,20911,2025-01-09,117.53,236.11,5.29,7727,149.0,50230.0
GLORIA,20920,2025-01-10,133.3,221.755,6.27,2350,1517.0,49530.0
GLORIA,20925,2025-01-10,119.55,230.698,6.11,7727,149.0,49830.0
GLORIA,20934,2025-01-11,114.35,207.783,5.79,7646,2921.0,42460.0
GLORIA,20936,2025-01-12,130.5,236.245,6.09,2350,1517.0,50870.0
GLORIA,20949,2025-01-13,116.4,223.625,6.46,7725,149.0,48680.0
GLORIA,20954,2025-01-14,111.6,229.391,6.02,7646,2921.0,44650.0
GLORIA,20962,2025-01-15,69.21,245.196,4.53,812,5149.0,27990.0
GLORIA,20958,2025-01-15,131.0,229.313,5.77,2350,1517.0,50170.0
GLORIA,20964,2025-01-15,117.1,224.765,6.09,7727,149.0,49140.0
GLORIA,20981,2025-01-17,112.4,215.747,4.33,7646,2921.0,43170.0
GLORIA,20990,2025-01-18,132.24,228.902,3.63,2350,1517.0,50420.0
GLORIA,21003,2025-01-19,120.15,243.196,5.24,7727,149.0,51760.0
GLORIA,21011,2025-01-20,111.55,231.286,5.57,6752,199.0,46440.0
GLORIA,21019,2025-01-21,109.95,218.19,5.55,7646,2921.0,43180.0
GLORIA,21024,2025-01-22,133.25,230.769,5.15,2350,1517.0,50530.0
GLORIA,21031,2025-01-22,116.5,208.927,5.15,8077,150.0,47170.0
GLORIA,21048,2025-01-24,118.65,212.727,5.47,7727,150.0,47580.0
GLORIA,21059,2025-01-26,133.95,215.901,5.05,2350,1517.0,49150.0
GLORIA,21060,2025-01-26,113.65,205.455,3.64,7646,2921.0,42260.0
GLORIA,21067,2025-01-27,116.05,237.398,5.32,7727,150.0,50090.0
GLORIA,21087,2025-01-29,114.65,225.382,5.54,7646,2921.0,44800.0
GLORIA,21091,2025-01-30,134.0,250.672,6.27,2350,1517.0,53590.0
GLORIA,21104,2025-01-31,119.1,239.043,6.13,7727,150.0,50890.0
GLORIA,21113,2025-02-01,113.5,226.167,7.01,7646,2921.0,44710.0
GLORIA,21124,2025-02-02,131.0,235.725,4.68,2350,1517.0,51140.0
GLORIA,21129,2025-02-03,107.19,245.265,6.21,6752,199.0,46880.0
GLORIA,21144,2025-02-05,120.05,223.907,4.19,7727,149.0,49680.0
GLORIA,21160,2025-02-07,130.19,229.05,3.79,2350,1517.0,49850.0
GLORIA,21164,2025-02-07,113.15,215.289,5.32,7646,2921.0,43420.0
GLORIA,21183,2025-02-09,120.5,207.386,3.96,7727,150.0,47500.0
GLORIA,10002,2021-06-28,98.98,222.974,2.72,5994,4903.0,42110.0
GLORIA,10129,2021-07-14,109.9,228.844,1.94,2413,2921.0,43520.0
GLORIA,10197,2021-07-21,108.63,231.244,3.29,2413,2921.0,43350.0
GLORIA,10558,2021-09-10,70.0,263.571,3.34,812,4961.0,29550.0
GLORIA,11194,2021-12-09,70.0,229.714,3.25,812,5014.0,27240.0
GLORIA,11438,2022-01-11,114.5,287.511,3.82,2413,2921.0,51280.0
GLORIA,11800,2022-02-28,112.3,267.943,5.39,2413,2921.0,48590.0
GLORIA,12107,2022-04-09,111.06,247.074,6.62,2413,2921.0,45820.0
GLORIA,12362,2022-05-09,112.6,235.169,3.16,2413,2921.0,45060.0
GLORIA,12407,2022-05-14,112.15,260.366,4.73,2413,2921.0,47760.0
GLORIA,12490,2022-05-25,112.15,249.487,6.21,2413,2921.0,46620.0
GLORIA,13840,2022-10-25,113.43,221.987,4.06,2413,2921.0,43770.0
GLORIA,14654,2023-02-07,124.49,278.898,5.7,7114,5392.0,56500.0
GLORIA,19652,2024-08-22,111.79,202.88,2.1,7646,1517.0,41870.0
GLORIA,19737,2024-08-30,113.97,196.104,2.56,7727,149.0,44590.0
GLORIA,19787,2024-09-06,108.8,172.518,3.21,7646,2921.0,37640.0
GLORIA,19899,2024-09-17,118.7,225.274,3.83,2350,1517.0,49750.0
GLORIA,19944,2024-09-21,70.4,205.256,4.11,812,2921.0,25210.0
GLORIA,19948,2024-09-22,116.7,235.561,7.02,7727,149.0,49930.0
GLORIA,20008,2024-09-27,109.97,220.424,4.25,7646,2921.0,42990.0
GLORIA,20048,2024-10-02,112.5,202.4,6.76,7646,2921.0,42650.0
GLORIA,20052,2024-10-03,113.8,221.88,4.27,7727,149.0,47630.0
GLORIA,20153,2024-10-14,70.1,221.541,3.26,812,5149.0,26220.0
GLORIA,20171,2024-10-16,109.2,209.524,3.42,7646,2921.0,41800.0
GLORIA,20173,2024-10-16,115.99,198.293,6.39,7727,149.0,45410.0
GLORIA,20198,2024-10-19,106.04,212.467,5.23,6752,199.0,43170.0
GLORIA,20212,2024-10-20,110.7,218.88,5.3,7646,2921.0,43320.0
GLORIA,20239,2024-10-23,110.3,219.583,5.18,7646,2921.0,43360.0
GLORIA,20240,2024-10-23,107.2,206.651,15.86,6752,199.0,43450.0
GLORIA,20258,2024-10-25,110.1,213.442,6.33,6752,199.0,43970.0
GLORIA,20262,2024-10-25,108.15,218.4,4.95,7646,2921.0,42570.0
GLORIA,20287,2024-10-28,111.06,234.648,5.01,7646,2921.0,45380.0
GLORIA,20307,2024-10-31,107.65,223.409,6.03,6752,199.0,44620.0
GLORIA,20315,2024-11-01,109.3,210.796,4.61,7646,2921.0,42120.0
GLORIA,20333,2024-11-03,109.7,228.35,5.19,6752,199.0,45530.0
GLORIA,20364,2024-11-06,110.1,211.262,4.19,6752,199.0,43840.0
GLORIA,20379,2024-11-07,112.08,221.895,6.1,7646,2921.0,44060.0
GLORIA,20406,2024-11-10,112.2,204.991,5.13,7646,2921.0,42100.0
GLORIA,20428,2024-11-12,106.2,231.073,3.96,6752,199.0,45080.0
GLORIA,20495,2024-11-19,108.0,224.259,3.17,6752,199.0,44700.0
GLORIA,20564,2024-11-27,113.6,217.342,3.78,7646,2921.0,43610.0
GLORIA,20727,2024-12-15,69.21,226.557,10.83,812,5149.0,26630.0
GLORIA,20746,2024-12-17,69.21,225.112,5.94,812,5149.0,26540.0
GLORIA,20751,2024-12-18,107.19,233.79,5.38,6752,199.0,45750.0
GLORIA,21201,2025-02-13,113.43,206.824,3.79,7646,2921.0,42550.0
GLORIA,21254,2025-02-14,133.4,235.082,4.07,2350,1517.0,51430.0
GLORIA,21209,2025-02-14,125.4,250.08,4.07,2350,1517.0,51430.0
GLORIA,21231,2025-02-15,112.52,214.895,5.68,7646,2921.0,43260.0
GLORIA,21220,2025-02-15,120.5,226.473,3.95,7727,149.0,49790.0
GLORIA,21245,2025-02-17,119.1,227.036,4.26,7727,149.0,49490.0
GLORIA,21255,2025-02-18,136.25,218.936,5.14,2350,1517.0,50060.0
GLORIA,21262,2025-02-19,113.06,211.215,4.97,7646,2921.0,42950.0
GLORIA,21267,2025-02-19,119.6,219.147,4.61,7727,149.0,49080.0
GLORIA,21282,2025-02-22,131.85,227.835,4.0,2350,1517.0,50060.0
GLORIA,21293,2025-02-23,110.33,215.807,3.17,7646,2921.0,42710.0
GLORIA,21336,2025-02-27,136.55,214.061,4.6,2350,1517.0,49380.0
GLORIA,21341,2025-02-28,109.47,236.503,5.01,6752,199.0,46640.0
GLORIA,21358,2025-03-01,108.88,225.661,4.49,7646,2921.0,43790.0
GLORIA,21367,2025-03-02,117.06,215.018,4.63,7727,149.0,47660.0
GLORIA,21379,2025-03-04,110.1,225.522,4.59,6752,199.0,45470.0
GLORIA,13093,2022-08-04,125.2,223.083,2.98,2350,1517.0,51110.0
GLORIA,15763,2023-06-20,113.61,230.173,5.3,2413,2921.0,44850.0
GLORIA,21388,2025-03-05,115.16,219.0,4.72,7727,149.0,47660.0
GLORIA,21401,2025-03-06,112.88,221.031,5.92,7646,2921.0,43820.0
GLORIA,19260,2024-07-11,119.97,216.971,4.54,2350,1517.0,49230.0
GLORIA,21411,2025-03-07,113.66,210.892,4.1,7727,149.0,46370.0
GLORIA,20168,2024-10-16,109.0,220.367,3.78,6752,199.0,44250.0
GLORIA,20181,2024-10-17,72.15,231.462,4.24,812,5149.0,27360.0
GLORIA,20342,2024-11-04,112.85,231.192,6.27,7646,2921.0,45330.0
GLORIA,21427,2025-03-09,109.24,236.726,5.7,7646,2921.0,44840.0
GLORIA,21428,2025-03-09,117.46,234.378,3.06,7727,150.0,49740.0
GLORIA,20261,2024-10-25,116.18,209.589,4.64,7727,149.0,46620.0
GLORIA,13508,2022-09-19,121.5,232.346,2.96,1927,150.0,49730.0
GLORIA,16255,2023-08-17,122.15,264.756,3.19,2350,1517.0,55790.0
GLORIA,16267,2023-08-18,117.64,173.835,2.67,1927,150.0,42070.0
GLORIA,21444,2025-03-10,117.24,236.267,4.9,7727,149.0,50200.0
GLORIA,21450,2025-03-11,109.74,216.147,5.15,6752,199.0,44310.0
GLORIA,10508,2021-09-04,114.0,253.246,3.57,1927,150.0,50430.0
GLORIA,11735,2022-02-20,125.0,244.48,4.35,2350,1517.0,61530.0
GLORIA,11833,2022-03-05,126.0,250.794,5.16,2350,1517.0,62840.0
GLORIA,12282,2022-04-30,125.06,248.761,2.99,2350,1517.0,53870.0
GLORIA,12459,2022-05-21,120.24,262.558,5.63,1927,150.0,53360.0
GLORIA,13409,2022-09-08,126.0,241.508,3.62,2350,1517.0,53480.0
GLORIA,13427,2022-09-10,126.0,247.222,3.72,2350,1517.0,54460.0
GLORIA,13470,2022-09-15,126.0,259.206,4.83,2350,1517.0,55860.0
GLORIA,14554,2023-01-27,120.2,250.666,4.52,1927,150.0,51980.0
GLORIA,19588,2024-08-15,115.34,197.676,3.39,7727,149.0,45440.0
GLORIA,19635,2024-08-21,118.79,206.246,3.51,7725,149.0,46980.0
GLORIA,19649,2024-08-22,121.0,202.479,3.58,2350,1517.0,47650.0
GLORIA,19711,2024-08-27,122.36,210.853,3.76,2350,1517.0,48850.0
GLORIA,19719,2024-08-28,110.77,238.422,2.41,7727,149.0,48660.0
GLORIA,19741,2024-08-30,122.99,197.577,3.62,2350,1517.0,47460.0
GLORIA,19767,2024-09-04,117.3,167.093,2.37,2350,1517.0,42680.0
GLORIA,19768,2024-09-04,113.47,173.438,2.8,7727,149.0,41980.0
GLORIA,19798,2024-09-07,117.46,186.021,4.05,2350,1517.0,45010.0
GLORIA,19808,2024-09-08,116.4,192.955,3.51,7727,149.0,44760.0
GLORIA,19859,2024-09-13,111.73,205.764,2.43,7727,149.0,45300.0
GLORIA,19877,2024-09-14,114.0,221.14,3.47,7727,149.0,47550.0
GLORIA,19884,2024-09-15,118.08,222.476,3.01,2350,1517.0,49270.0
GLORIA,19896,2024-09-16,113.0,225.929,4.04,7727,149.0,48090.0
GLORIA,19914,2024-09-18,118.1,226.08,4.3,7727,149.0,49140.0
GLORIA,19931,2024-09-20,117.45,232.865,3.11,2350,1517.0,50570.0
GLORIA,19933,2024-09-20,118.2,215.228,3.56,7727,149.0,47900.0
GLORIA,19951,2024-09-22,116.54,221.812,4.89,2350,1517.0,48950.0
GLORIA,20041,2024-10-01,119.15,202.182,2.54,7727,149.0,46320.0
GLORIA,20074,2024-10-05,116.8,215.497,3.78,2350,1517.0,48190.0
GLORIA,20119,2024-10-11,117.09,218.891,4.84,2350,1517.0,48600.0
GLORIA,20187,2024-10-17,120.25,214.719,3.06,2350,1517.0,48730.0
GLORIA,20202,2024-10-19,114.54,224.027,5.96,7727,149.0,47970.0
GLORIA,20208,2024-10-20,119.5,236.485,6.11,2350,1517.0,51420.0
GLORIA,20222,2024-10-21,118.2,233.333,5.71,7727,149.0,49940.0
GLORIA,20241,2024-10-23,117.3,226.684,5.16,7727,149.0,48930.0
GLORIA,20242,2024-10-23,115.16,206.582,4.09,2350,1517.0,46990.0
GLORIA,20265,2024-10-25,116.0,205.69,5.01,2350,1517.0,47000.0
GLORIA,20279,2024-10-27,117.0,216.581,6.44,7727,149.0,47780.0
GLORIA,20291,2024-10-29,115.07,272.182,7.93,2350,1517.0,54690.0
GLORIA,20302,2024-10-30,115.0,210.435,5.47,7727,149.0,46500.0
GLORIA,20325,2024-11-02,117.1,239.795,5.6,2350,1517.0,51730.0
GLORIA,20330,2024-11-03,118.2,202.2,6.6,7727,149.0,46170.0
GLORIA,20347,2024-11-04,119.8,219.449,4.24,2350,1517.0,49730.0
GLORIA,20359,2024-11-05,118.0,220.339,5.4,7727,149.0,48470.0
GLORIA,20380,2024-11-07,118.7,222.915,5.52,2350,1517.0,49940.0
GLORIA,20384,2024-11-08,117.0,222.65,4.3,7727,149.0,48470.0
GLORIA,20452,2024-11-14,116.3,244.712,4.87,7727,149.0,50710.0
GLORIA,20466,2024-11-16,119.0,229.496,4.19,2350,1517.0,50620.0
GLORIA,20467,2024-11-16,115.17,211.513,4.56,7727,149.0,46720.0
GLORIA,20482,2024-11-18,121.34,213.45,3.57,2350,1517.0,48960.0
GLORIA,20488,2024-11-18,117.53,232.111,4.67,7727,149.0,49690.0
GLORIA,20496,2024-11-19,117.29,215.875,4.24,2350,1517.0,48420.0
GLORIA,20511,2024-11-21,122.45,228.583,3.81,7727,150.0,50260.0
GLORIA,20523,2024-11-22,118.69,227.989,3.88,2350,1517.0,50400.0
GLORIA,20537,2024-11-24,122.28,205.021,3.17,7727,149.0,47410.0
GLORIA,20541,2024-11-24,117.36,215.15,4.03,2350,1517.0,48460.0
GLORIA,20548,2024-11-25,118.16,223.341,3.58,7727,149.0,48830.0
GLORIA,20799,2024-12-23,115.52,226.714,5.51,2350,1517.0,49570.0
GLORIA,21469,2025-03-13,118.41,230.048,5.11,7727,149.0,50030.0
GLORIA,21489,2025-03-15,113.86,229.58,3.83,7725,149.0,49000.0
GLORIA,21493,2025-03-16,108.15,224.318,3.61,7646,2921.0,43480.0
GLORIA,21497,2025-03-16,127.35,243.659,5.49,2350,1517.0,51240.0
GLORIA,21510,2025-03-17,115.55,232.28,4.7,7727,149.0,49450.0
GLORIA,21515,2025-03-18,130.71,223.931,4.77,2350,1517.0,49320.0
GLORIA,21520,2025-03-19,111.43,221.125,6.49,7646,2921.0,43540.0
GLORIA,21521,2025-03-19,110.1,246.866,5.68,6752,199.0,47730.0
GLORIA,21519,2025-03-19,112.69,231.254,3.19,7727,149.0,48390.0
GLORIA,21533,2025-03-20,118.01,217.354,4.42,7727,149.0,48150.0
GLORIA,21541,2025-03-21,110.33,225.505,3.33,7646,2921.0,43790.0
GLORIA,21545,2025-03-21,130.73,233.841,5.71,2350,1517.0,51090.0
GLORIA,21564,2025-03-23,111.79,245.371,5.94,7646,2921.0,46840.0
GLORIA,21556,2025-03-23,115.36,257.715,4.8,7727,150.0,52390.0
GLORIA,21568,2025-03-24,135.31,234.203,4.79,2350,1517.0,51600.0
GLORIA,21573,2025-03-24,110.1,239.51,4.34,6752,199.0,47130.0
GLORIA,21582,2025-03-25,115.88,245.513,4.07,7727,149.0,51140.0
GLORIA,21596,2025-03-27,127.5,241.412,4.37,2350,1517.0,51020.0
GLORIA,21604,2025-03-28,115.72,221.829,2.65,7727,149.0,48270.0
GLORIA,21622,2025-03-30,110.61,221.499,3.64,7646,2921.0,43580.0
GLORIA,21644,2025-04-01,119.05,228.811,4.66,7650,1517.0,46120.0
GLORIA,21643,2025-04-01,113.28,233.934,5.49,7727,149.0,49140.0
GLORIA,11683,2022-02-13,124.3,240.225,2.72,2350,1517.0,60810.0
GLORIA,11703,2022-02-16,120.4,243.439,4.91,2350,1517.0,60350.0
GLORIA,11720,2022-02-18,124.6,240.209,4.19,2350,1517.0,61090.0
GLORIA,11771,2022-02-25,121.7,251.356,5.06,2350,1517.0,61730.0
GLORIA,11791,2022-02-27,122.0,244.836,2.96,2350,1517.0,61150.0
GLORIA,11812,2022-03-02,124.5,245.542,4.55,2350,1517.0,61660.0
GLORIA,11864,2022-03-09,124.0,264.758,5.02,2350,1517.0,64030.0
GLORIA,11885,2022-03-11,123.5,253.846,4.89,2350,1517.0,63220.0
GLORIA,11912,2022-03-15,122.58,253.304,4.33,2350,1517.0,62550.0
GLORIA,11925,2022-03-17,121.72,250.657,5.23,2350,1517.0,53320.0
GLORIA,11948,2022-03-20,124.49,247.008,4.63,2350,1517.0,53490.0
GLORIA,12054,2022-04-02,123.69,260.247,6.56,2350,1517.0,55340.0
GLORIA,12068,2022-04-04,119.4,254.355,6.75,2350,1517.0,53250.0
GLORIA,12082,2022-04-06,125.8,267.329,7.95,2350,1517.0,56390.0
GLORIA,12099,2022-04-08,123.33,255.412,5.01,2350,1517.0,54270.0
GLORIA,12120,2022-04-10,122.75,258.411,4.1,2350,1517.0,54390.0
GLORIA,12146,2022-04-13,122.75,233.075,8.1,2350,1517.0,51610.0
GLORIA,12303,2022-05-02,123.21,255.336,5.92,2350,1517.0,54250.0
GLORIA,12328,2022-05-05,124.76,253.206,4.51,2350,1517.0,54360.0
GLORIA,12360,2022-05-09,124.2,251.53,4.08,2350,1517.0,53730.0
GLORIA,12380,2022-05-11,124.77,236.996,6.04,2350,1517.0,52400.0
GLORIA,12395,2022-05-13,123.98,239.797,4.9,2350,1517.0,52270.0
GLORIA,12428,2022-05-17,121.32,256.841,4.44,1927,150.0,52760.0
GLORIA,12442,2022-05-19,119.73,256.744,5.6,1927,150.0,52230.0
GLORIA,12634,2022-06-11,121.31,248.949,5.98,2350,1517.0,53880.0
GLORIA,12659,2022-06-14,123.5,245.749,5.57,1927,150.0,52190.0
GLORIA,12667,2022-06-15,124.8,234.295,4.33,2350,1517.0,62160.0
GLORIA,12740,2022-06-23,120.15,234.29,4.89,1927,150.0,49970.0
GLORIA,12763,2022-06-26,126.5,226.64,6.7,2350,1517.0,52030.0
GLORIA,12773,2022-06-27,124.7,235.686,4.93,1927,150.0,51200.0
GLORIA,12815,2022-07-03,123.0,232.52,4.0,1927,150.0,50470.0
GLORIA,12843,2022-07-05,121.1,226.755,2.3,1927,150.0,49220.0
GLORIA,12855,2022-07-07,120.1,225.312,3.1,1927,150.0,48980.0
GLORIA,12895,2022-07-11,123.0,230.244,2.95,2350,1517.0,51560.0
GLORIA,12949,2022-07-17,124.5,228.032,3.8,2350,1517.0,51600.0
GLORIA,12971,2022-07-19,122.1,214.547,14.59,1927,150.0,48750.0
GLORIA,12991,2022-07-22,119.7,232.999,4.84,2350,1517.0,51260.0
GLORIA,12994,2022-07-22,121.1,224.277,3.61,1927,150.0,48870.0
GLORIA,13009,2022-07-24,125.3,222.027,3.86,2350,1517.0,51060.0
GLORIA,13020,2022-07-26,121.0,230.744,2.81,1927,150.0,49580.0
GLORIA,13046,2022-07-29,122.3,224.693,4.37,1927,150.0,49130.0
GLORIA,13092,2022-08-03,121.5,213.909,2.41,1927,150.0,47750.0
GLORIA,13131,2022-08-08,125.0,230.32,5.2,2350,1517.0,51950.0
GLORIA,13170,2022-08-13,120.88,223.279,3.85,1927,150.0,48900.0
GLORIA,13196,2022-08-15,121.0,229.421,3.07,2350,1517.0,50920.0
GLORIA,13221,2022-08-18,125.0,240.8,6.22,2350,1517.0,53740.0
GLORIA,13225,2022-08-19,118.5,235.612,5.35,1927,150.0,49940.0
GLORIA,13241,2022-08-20,125.37,221.504,4.17,2350,1517.0,51450.0
GLORIA,13261,2022-08-22,123.47,230.096,5.5,1927,150.0,50190.0
GLORIA,13275,2022-08-24,124.75,232.017,15.69,2350,1517.0,53340.0
GLORIA,13304,2022-08-27,121.0,237.107,2.81,1927,150.0,50060.0
GLORIA,13338,2022-08-31,119.5,241.004,4.68,1927,150.0,50460.0
GLORIA,13361,2022-09-02,124.8,225.481,3.48,2350,1517.0,51300.0
GLORIA,13375,2022-09-04,119.9,240.284,3.16,1927,150.0,50410.0
GLORIA,13420,2022-09-09,122.0,233.279,4.7,1927,150.0,50200.0
GLORIA,13448,2022-09-12,121.5,237.86,2.97,1927,150.0,50430.0
GLORIA,13467,2022-09-14,123.0,250.894,4.07,1927,150.0,52660.0
GLORIA,13530,2022-09-21,122.5,257.306,5.14,1927,150.0,53310.0
GLORIA,13568,2022-09-25,121.53,256.644,4.19,1927,150.0,52840.0
GLORIA,13596,2022-09-28,122.42,259.925,6.96,1927,150.0,53800.0
GLORIA,13606,2022-09-29,125.17,272.66,9.45,2350,1517.0,57980.0
GLORIA,13611,2022-09-30,121.06,247.481,5.67,1927,150.0,51750.0
GLORIA,13614,2022-10-01,125.55,253.286,4.74,2350,1517.0,55450.0
GLORIA,13632,2022-10-03,121.52,246.215,6.22,1927,150.0,51690.0
GLORIA,13650,2022-10-05,125.0,239.76,6.97,2350,1517.0,53600.0
GLORIA,13680,2022-10-08,122.85,238.746,3.46,1927,150.0,51190.0
GLORIA,13687,2022-10-09,122.88,243.164,3.54,2350,1517.0,53330.0
GLORIA,13697,2022-10-10,118.8,244.444,4.34,1927,150.0,50980.0
GLORIA,13724,2022-10-14,122.6,243.883,5.56,1927,150.0,51870.0
GLORIA,13774,2022-10-19,122.94,239.548,4.35,1927,150.0,51620.0
GLORIA,13789,2022-10-20,124.77,230.344,3.82,2350,1517.0,51910.0
GLORIA,13804,2022-10-22,122.94,239.548,5.86,1927,150.0,51460.0
GLORIA,13857,2022-10-27,123.78,229.035,3.89,2350,1517.0,51650.0
GLORIA,13858,2022-10-27,121.91,226.068,4.49,1927,150.0,49390.0
GLORIA,13879,2022-10-29,124.29,247.244,5.56,2350,1517.0,54170.0
GLORIA,13901,2022-11-01,121.86,243.066,4.95,1927,150.0,51440.0
GLORIA,13949,2022-11-07,120.69,235.314,1.86,1927,150.0,50210.0
GLORIA,13980,2022-11-11,120.07,251.187,4.52,2350,1517.0,53360.0
GLORIA,14003,2022-11-15,120.84,251.738,6.44,1927,150.0,52440.0
GLORIA,14008,2022-11-16,123.58,258.942,8.79,2350,1517.0,55500.0
GLORIA,14028,2022-11-18,123.76,261.231,3.23,2350,1517.0,55810.0
GLORIA,14048,2022-11-20,120.53,234.796,4.41,1927,150.0,50380.0
GLORIA,14052,2022-11-20,125.11,235.793,4.18,2350,1517.0,52950.0
GLORIA,14071,2022-11-22,121.84,233.421,3.94,1927,150.0,50140.0
GLORIA,14080,2022-11-24,125.26,244.212,4.12,2350,1517.0,54030.0
GLORIA,14085,2022-11-24,120.91,237.201,3.01,1927,150.0,50310.0
GLORIA,14106,2022-11-27,125.88,234.906,2.78,2350,1517.0,52900.0
GLORIA,14110,2022-11-27,120.14,230.315,2.27,1927,150.0,49340.0
GLORIA,14117,2022-11-29,124.77,248.778,2.79,2350,1517.0,54340.0
GLORIA,14158,2022-12-04,120.12,243.756,4.39,1927,150.0,51090.0
GLORIA,14177,2022-12-06,123.39,252.938,5.54,2350,1517.0,54640.0
GLORIA,14201,2022-12-10,122.79,233.814,3.56,2350,1517.0,52790.0
GLORIA,14219,2022-12-13,123.6,240.453,5.31,2350,1517.0,53450.0
GLORIA,14250,2022-12-17,123.91,239.287,4.22,2350,1517.0,53530.0
GLORIA,14288,2022-12-21,123.24,253.246,3.87,2350,1517.0,55040.0
GLORIA,14315,2022-12-24,125.68,240.85,3.94,2350,1517.0,53910.0
GLORIA,14333,2022-12-28,122.8,246.336,5.06,2350,1517.0,53940.0
GLORIA,14356,2022-12-30,121.03,236.388,4.9,2350,1517.0,52260.0
GLORIA,14398,2023-01-07,121.85,247.6,4.91,1927,150.0,52270.0
GLORIA,14435,2023-01-12,125.29,246.468,6.43,2350,1517.0,54900.0
GLORIA,14449,2023-01-14,122.08,238.45,6.75,1927,150.0,51140.0
GLORIA,14458,2023-01-15,123.21,242.026,7.16,2350,1517.0,53770.0
GLORIA,14497,2023-01-19,120.73,254.701,4.4,1927,150.0,53220.0
GLORIA,14538,2023-01-25,121.37,239.104,4.52,1927,150.0,51240.0
GLORIA,14556,2023-01-27,125.39,240.37,4.57,2350,1517.0,54620.0
GLORIA,14578,2023-01-29,119.36,239.36,4.05,1927,150.0,50450.0
GLORIA,14587,2023-01-30,122.11,247.809,4.91,2350,1517.0,53940.0
GLORIA,14608,2023-02-02,122.22,251.595,5.11,2350,1517.0,54850.0
GLORIA,14674,2023-02-10,123.72,239.088,3.4,2350,1517.0,53670.0
GLORIA,14684,2023-02-11,120.56,254.811,5.41,1927,150.0,52760.0
GLORIA,14703,2023-02-12,119.12,243.704,6.0,1927,150.0,51090.0
GLORIA,14718,2023-02-14,120.34,256.44,5.1,1927,150.0,53080.0
GLORIA,14721,2023-02-15,122.47,221.034,5.39,2350,1517.0,51010.0
GLORIA,14737,2023-02-16,121.05,245.766,2.76,1927,150.0,51780.0
GLORIA,14738,2023-02-16,122.6,234.095,3.36,2350,1517.0,52730.0
GLORIA,14781,2023-02-24,125.08,261.193,4.87,2350,1517.0,57040.0
GLORIA,14802,2023-02-27,121.1,229.81,4.31,1927,150.0,49970.0
GLORIA,14821,2023-03-02,120.72,223.492,4.69,1927,150.0,49430.0
GLORIA,14830,2023-03-03,121.93,242.762,3.02,1927,150.0,51610.0
GLORIA,14841,2023-03-04,123.21,241.782,4.33,2350,1517.0,53530.0
GLORIA,14848,2023-03-05,120.64,245.441,6.21,1927,150.0,51760.0
GLORIA,14861,2023-03-07,119.85,241.719,4.01,2350,1517.0,52940.0
GLORIA,14873,2023-03-08,122.0,234.508,2.86,1927,150.0,50680.0
GLORIA,14874,2023-03-08,123.64,227.839,2.42,2350,1517.0,51980.0
GLORIA,14889,2023-03-10,122.01,231.948,3.82,1927,150.0,50440.0
GLORIA,14896,2023-03-12,125.91,219.998,5.25,2350,1517.0,51890.0
GLORIA,14911,2023-03-13,121.18,238.901,4.43,1927,150.0,51190.0
GLORIA,14931,2023-03-16,121.64,232.078,5.25,1927,150.0,50290.0
GLORIA,14946,2023-03-18,121.12,230.845,5.11,1927,150.0,50330.0
GLORIA,14960,2023-03-20,125.98,234.879,3.06,2350,1517.0,53630.0
GLORIA,14968,2023-03-21,122.45,245.896,4.62,1927,150.0,52240.0
GLORIA,14977,2023-03-22,124.72,235.487,4.24,2350,1517.0,53530.0
GLORIA,14985,2023-03-24,120.84,257.2,5.4,1927,150.0,53410.0
GLORIA,14998,2023-03-25,121.08,266.435,7.91,1927,150.0,54350.0
GLORIA,15000,2023-03-25,124.43,250.824,4.71,2350,1517.0,55020.0
GLORIA,15011,2023-03-27,121.39,245.49,3.51,1927,150.0,51750.0
GLORIA,15019,2023-03-28,125.89,253.793,3.41,2350,1517.0,55730.0
GLORIA,15028,2023-03-29,118.95,249.517,4.35,1927,150.0,51660.0
GLORIA,15035,2023-03-31,124.17,263.026,3.02,2350,1517.0,56500.0
GLORIA,15041,2023-04-01,121.44,235.178,4.82,1927,150.0,50520.0
GLORIA,15053,2023-04-02,120.18,235.896,5.43,1927,150.0,50280.0
GLORIA,15073,2023-04-05,124.59,224.657,3.44,2350,1517.0,51550.0
GLORIA,15078,2023-04-05,121.78,234.85,4.16,1927,150.0,50610.0
GLORIA,15106,2023-04-09,120.7,231.897,4.63,1927,150.0,50330.0
GLORIA,15115,2023-04-11,124.71,227.889,3.33,2350,1517.0,52490.0
GLORIA,15118,2023-04-11,120.92,232.881,4.56,1927,150.0,50410.0
GLORIA,15125,2023-04-12,124.88,235.987,4.04,2350,1517.0,53190.0
GLORIA,15135,2023-04-13,121.65,232.059,4.68,1927,150.0,50260.0
GLORIA,15152,2023-04-15,125.03,232.984,5.52,2350,1517.0,53170.0
GLORIA,15154,2023-04-16,120.64,238.312,4.82,1927,150.0,50740.0
GLORIA,15182,2023-04-20,121.4,243.904,5.45,1927,150.0,51730.0
GLORIA,15187,2023-04-20,125.14,239.012,5.27,2350,1517.0,53840.0
GLORIA,15211,2023-04-22,121.53,227.927,3.94,1927,150.0,49720.0
GLORIA,15217,2023-04-23,124.17,227.43,3.24,2413,2921.0,50940.0
GLORIA,15243,2023-04-26,121.76,238.338,5.87,1927,150.0,51040.0
GLORIA,15250,2023-04-27,125.04,237.844,4.76,2350,1517.0,53790.0
GLORIA,15269,2023-04-29,121.4,232.949,4.37,1927,150.0,50240.0
GLORIA,15294,2023-05-03,125.48,233.822,7.12,2350,1517.0,53420.0
GLORIA,15300,2023-05-04,121.91,240.669,4.26,1927,150.0,51250.0
GLORIA,15318,2023-05-06,123.95,227.672,3.39,2350,1517.0,51850.0
GLORIA,15340,2023-05-08,119.93,222.63,5.28,1927,150.0,48500.0
GLORIA,15372,2023-05-10,123.4,227.796,3.84,2350,1517.0,51740.0
GLORIA,15396,2023-05-12,124.65,225.11,3.35,2350,1517.0,51850.0
GLORIA,15402,2023-05-13,122.2,222.34,4.19,1927,150.0,49310.0
GLORIA,15427,2023-05-16,123.42,242.991,2.48,2350,1517.0,53620.0
GLORIA,15467,2023-05-22,120.11,243.943,2.76,1927,150.0,51090.0
GLORIA,15500,2023-05-26,125.8,231.876,3.89,2350,1517.0,52400.0
GLORIA,15507,2023-05-27,120.62,250.29,3.58,1927,150.0,52010.0
GLORIA,15524,2023-05-29,117.46,260.514,4.17,1927,150.0,52620.0
GLORIA,15530,2023-05-29,124.1,261.644,4.71,2350,1517.0,55800.0
GLORIA,15552,2023-06-01,120.37,287.115,7.49,1927,150.0,56610.0
GLORIA,15573,2023-06-03,123.98,257.945,6.64,2350,1517.0,55890.0
GLORIA,15592,2023-06-04,120.28,269.621,5.55,1927,150.0,54360.0
GLORIA,15609,2023-06-05,125.64,254.378,4.18,2350,1517.0,55920.0
GLORIA,15610,2023-06-05,120.2,267.637,4.14,1927,150.0,54170.0
GLORIA,15661,2023-06-09,124.43,252.592,4.21,2350,1517.0,54840.0
GLORIA,15680,2023-06-11,117.87,252.482,3.02,1927,150.0,51670.0
GLORIA,15699,2023-06-12,121.42,237.934,4.05,1927,150.0,50870.0
GLORIA,15703,2023-06-13,121.86,254.554,3.75,2350,1517.0,54960.0
GLORIA,15707,2023-06-15,120.15,240.866,7.44,1927,150.0,51100.0
GLORIA,15732,2023-06-17,120.36,233.383,2.55,1927,150.0,50040.0
GLORIA,15783,2023-06-22,121.6,235.855,4.17,2350,1517.0,52650.0
GLORIA,15787,2023-06-22,119.54,238.163,4.31,1927,150.0,50280.0
GLORIA,15817,2023-06-25,122.68,238.996,3.27,2350,1517.0,52760.0
GLORIA,15832,2023-06-26,119.52,243.641,3.86,1927,150.0,50830.0
GLORIA,15881,2023-07-02,121.26,232.146,5.53,1927,150.0,49800.0
GLORIA,15888,2023-07-02,124.68,230.189,7.95,2350,1517.0,51740.0
GLORIA,15904,2023-07-04,120.75,228.737,3.79,1927,150.0,49790.0
GLORIA,15917,2023-07-07,123.67,235.627,3.47,2350,1517.0,52610.0
GLORIA,15947,2023-07-11,121.06,231.29,3.37,1927,150.0,49370.0
GLORIA,15958,2023-07-14,120.14,231.23,3.16,1927,150.0,49230.0
GLORIA,15987,2023-07-17,120.06,246.877,5.35,1927,150.0,51460.0
GLORIA,15995,2023-07-18,125.38,251.954,4.57,2350,1517.0,55040.0
GLORIA,16020,2023-07-20,125.57,251.971,4.62,2350,1517.0,55100.0
GLORIA,16025,2023-07-21,121.2,261.139,4.38,1927,150.0,53190.0
GLORIA,16052,2023-07-24,121.7,251.52,3.65,1927,150.0,52180.0
GLORIA,16066,2023-07-26,125.29,207.04,5.39,2350,1517.0,49400.0
GLORIA,16082,2023-07-27,121.26,258.123,4.75,1927,150.0,52890.0
GLORIA,16089,2023-07-28,125.04,239.683,3.63,2350,1517.0,53400.0
GLORIA,16097,2023-07-29,121.25,193.485,3.86,1927,150.0,45010.0
GLORIA,16107,2023-07-31,124.04,242.986,4.58,2350,1517.0,53870.0
GLORIA,16115,2023-07-31,120.76,209.506,4.6,1927,150.0,46930.0
GLORIA,16127,2023-08-02,125.34,212.622,3.32,2350,1517.0,49840.0
GLORIA,16143,2023-08-04,120.11,221.547,3.06,1927,150.0,48290.0
GLORIA,16159,2023-08-05,121.16,211.621,3.53,1927,150.0,47310.0
GLORIA,16177,2023-08-07,122.2,199.018,3.16,1927,150.0,45920.0
GLORIA,16187,2023-08-09,123.2,183.198,3.05,2350,1517.0,46160.0
GLORIA,16244,2023-08-16,120.76,251.656,6.08,1927,150.0,52110.0
GLORIA,16287,2023-08-19,120.91,189.645,6.43,1927,150.0,44810.0
GLORIA,16344,2023-08-25,120.71,185.403,3.86,1927,150.0,44130.0
GLORIA,17448,2023-12-23,116.6,242.539,4.45,1927,150.0,50070.0
GLORIA,18671,2024-05-09,124.55,214.372,4.8,2350,1517.0,50020.0
GLORIA,19032,2024-06-19,122.58,215.533,3.11,2350,1517.0,49490.0
GLORIA,21651,2025-04-02,126.94,238.38,4.47,2350,2921.0,50310.0
GLORIA,9988,2021-06-26,99.4,211.972,4.43,5994,4903.0,41100.0
GLORIA,10311,2021-08-10,69.5,211.799,4.54,812,4849.0,25780.0
GLORIA,10489,2021-09-01,99.0,269.091,5.06,4126,1996.0,43760.0
GLORIA,10843,2021-10-22,56.2,251.246,5.86,992,1517.0,29410.0
GLORIA,11045,2021-11-15,69.5,227.482,4.28,812,5014.0,27170.0
GLORIA,11125,2021-11-27,69.5,208.921,4.52,812,5014.0,25760.0
GLORIA,11156,2021-12-04,68.0,235.294,4.76,812,5014.0,27280.0
GLORIA,11468,2022-01-15,68.5,279.416,10.72,812,5014.0,30440.0
GLORIA,11505,2022-01-19,67.5,266.519,3.43,812,5014.0,29340.0
GLORIA,11565,2022-01-28,111.3,257.951,4.21,2413,2921.0,47020.0
GLORIA,11589,2022-01-31,68.8,246.948,5.95,812,5014.0,28290.0
GLORIA,11609,2022-02-05,74.0,242.703,3.54,812,5014.0,29340.0
GLORIA,11628,2022-02-07,112.2,245.544,3.33,2413,2921.0,45970.0
GLORIA,11639,2022-02-08,64.0,274.844,4.91,812,5014.0,28950.0
GLORIA,11696,2022-02-15,112.5,247.467,3.75,2413,2921.0,46190.0
GLORIA,11758,2022-02-23,112.5,244.444,3.97,2413,2921.0,45950.0
GLORIA,11777,2022-02-25,115.0,242.348,4.49,2413,2921.0,46360.0
GLORIA,11819,2022-03-03,114.8,237.892,6.37,2413,2921.0,45760.0
GLORIA,11836,2022-03-05,115.0,252.522,4.35,2413,2921.0,47690.0
GLORIA,11842,2022-03-06,73.5,253.605,5.0,812,5098.0,29820.0
GLORIA,11888,2022-03-12,111.43,262.766,4.34,2413,2921.0,48420.0
GLORIA,11930,2022-03-17,111.43,254.599,4.34,2413,2921.0,46990.0
GLORIA,11979,2022-03-23,110.33,261.216,4.71,2413,2921.0,47250.0
GLORIA,11997,2022-03-25,112.15,254.391,6.26,2413,2921.0,47090.0
GLORIA,12019,2022-03-29,74.88,245.593,3.95,812,4882.0,29490.0
GLORIA,12043,2022-04-01,112.0,242.679,6.06,2413,2921.0,45850.0
GLORIA,12051,2022-04-02,72.88,249.177,6.08,812,4882.0,29260.0
GLORIA,12067,2022-04-04,70.49,261.03,6.79,812,4882.0,29480.0
GLORIA,12127,2022-04-11,112.5,248.8,5.26,2413,2921.0,46500.0
GLORIA,12153,2022-04-14,112.15,256.977,4.9,2413,2921.0,47510.0
GLORIA,12172,2022-04-17,112.15,249.309,4.58,2413,2921.0,46480.0
GLORIA,12192,2022-04-20,113.25,247.947,3.95,2413,2921.0,46710.0
GLORIA,12216,2022-04-23,112.8,241.844,5.93,2413,2921.0,45880.0
GLORIA,12248,2022-04-27,112.88,257.442,7.2,2413,2921.0,47570.0
GLORIA,12271,2022-04-29,112.76,246.009,3.79,2413,2921.0,46360.0
GLORIA,12348,2022-05-07,112.52,235.247,3.8,2413,2921.0,44940.0
GLORIA,12385,2022-05-12,113.61,249.802,4.57,2413,2921.0,46970.0
GLORIA,12423,2022-05-16,104.87,261.562,4.62,2413,2921.0,46000.0
GLORIA,12448,2022-05-19,112.8,246.365,4.26,2413,2921.0,46310.0
GLORIA,12470,2022-05-22,111.43,250.92,3.69,2413,2921.0,46440.0
GLORIA,12479,2022-05-23,120.64,248.011,5.12,1927,150.0,51700.0
GLORIA,12487,2022-05-24,124.56,235.389,3.41,2350,1517.0,52100.0
GLORIA,12503,2022-05-26,123.69,250.95,3.01,2350,1517.0,53810.0
GLORIA,12528,2022-05-28,119.35,255.048,4.48,1927,150.0,52140.0
GLORIA,12546,2022-05-30,122.6,241.028,4.0,1927,150.0,51270.0
GLORIA,12565,2022-06-01,121.64,257.646,5.27,1927,150.0,53250.0
GLORIA,12573,2022-06-02,113.18,242.887,4.78,2413,2921.0,45960.0
GLORIA,12626,2022-06-10,120.67,169.305,6.96,1927,150.0,51420.0
GLORIA,12643,2022-06-12,112.2,240.018,6.02,2413,2921.0,45690.0
GLORIA,12647,2022-06-12,122.2,240.262,9.84,1927,150.0,51270.0
GLORIA,12669,2022-06-15,110.6,238.788,5.26,2413,2921.0,44940.0
GLORIA,12678,2022-06-16,122.0,237.705,4.29,1927,150.0,50840.0
GLORIA,12696,2022-06-18,114.0,243.246,5.41,2413,2921.0,46220.0
GLORIA,12698,2022-06-18,121.3,221.682,5.5,1927,150.0,49500.0
GLORIA,12708,2022-06-19,122.93,234.036,6.4,1927,150.0,50920.0
GLORIA,12713,2022-06-20,114.0,231.579,6.3,2413,2921.0,44880.0
GLORIA,12726,2022-06-21,121.69,236.42,6.0,1927,150.0,50660.0
GLORIA,12737,2022-06-23,111.43,233.959,4.69,2413,2921.0,44490.0
GLORIA,12754,2022-06-25,123.5,229.717,5.04,1927,150.0,50110.0
GLORIA,12770,2022-06-27,113.9,223.881,4.23,2413,2921.0,45350.0
GLORIA,12781,2022-06-28,126.0,226.111,3.28,2350,1517.0,52020.0
GLORIA,12788,2022-06-29,122.7,232.437,4.53,1927,150.0,50490.0
GLORIA,12796,2022-06-30,125.1,231.735,4.54,1927,150.0,50970.0
GLORIA,12830,2022-07-04,72.1,225.52,2.45,812,1410.0,27230.0
GLORIA,12876,2022-07-09,70.0,222.429,3.74,812,5210.0,26640.0
GLORIA,12881,2022-07-10,125.87,211.965,4.69,1927,150.0,48300.0
GLORIA,12906,2022-07-12,72.0,228.194,2.24,812,5210.0,27440.0
GLORIA,12907,2022-07-12,123.0,221.057,2.68,1927,150.0,48980.0
GLORIA,12939,2022-07-16,120.7,224.772,5.1,1927,150.0,48940.0
GLORIA,12966,2022-07-19,72.0,219.861,4.76,812,5210.0,26900.0
GLORIA,12976,2022-07-20,110.0,236.091,3.37,2413,2921.0,44470.0
GLORIA,13004,2022-07-23,112.1,221.677,3.71,2413,2921.0,43420.0
GLORIA,13013,2022-07-24,69.0,216.522,3.47,812,5210.0,25970.0
GLORIA,13029,2022-07-27,112.88,217.488,5.06,2413,2921.0,43050.0
GLORIA,13065,2022-07-31,108.88,224.192,2.02,2413,2921.0,42740.0
GLORIA,13127,2022-08-07,112.88,226.524,4.8,2413,2921.0,44020.0
GLORIA,13134,2022-08-08,119.0,221.765,5.18,1927,150.0,48440.0
GLORIA,13153,2022-08-11,112.99,241.178,7.0,2413,2921.0,45980.0
GLORIA,13199,2022-08-16,121.64,216.294,4.18,1927,150.0,48120.0
GLORIA,13212,2022-08-17,112.95,229.305,3.97,2413,2921.0,44540.0
GLORIA,13235,2022-08-20,115.0,223.565,4.78,2413,2921.0,44550.0
GLORIA,13303,2022-08-27,112.52,233.203,3.93,2413,2921.0,44700.0
GLORIA,13326,2022-08-30,112.99,231.082,4.92,2413,2921.0,44600.0
GLORIA,13335,2022-08-30,125.3,227.215,4.06,2350,1517.0,51860.0
GLORIA,13356,2022-09-02,112.0,239.107,3.29,2413,2921.0,45260.0
GLORIA,13389,2022-09-06,125.76,240.617,3.28,2350,1517.0,53400.0
GLORIA,13453,2022-09-13,112.17,238.121,3.58,2413,2921.0,45080.0
GLORIA,13502,2022-09-18,112.5,243.911,4.41,2413,2921.0,46000.0
GLORIA,13526,2022-09-21,112.91,246.302,6.29,2413,2921.0,46510.0
GLORIA,13576,2022-09-25,113.61,240.384,4.35,2413,2921.0,45800.0
GLORIA,13599,2022-09-28,111.79,259.147,5.84,2413,2921.0,47690.0
GLORIA,13610,2022-09-30,112.88,256.201,5.19,2413,2921.0,47420.0
GLORIA,13655,2022-10-06,113.98,240.13,3.72,2413,2921.0,45810.0
GLORIA,13690,2022-10-09,115.07,229.686,4.35,2413,2921.0,45010.0
GLORIA,13709,2022-10-12,116.52,241.589,6.35,2413,2921.0,46830.0
GLORIA,13746,2022-10-16,115.8,223.402,4.69,2413,2921.0,44590.0
GLORIA,13777,2022-10-19,113.98,240.218,5.52,2413,2921.0,45980.0
GLORIA,13809,2022-10-22,114.02,232.854,6.06,2413,2921.0,45300.0
GLORIA,13869,2022-10-28,112.52,235.247,3.6,2413,2921.0,45110.0
GLORIA,13887,2022-10-30,121.84,237.278,5.91,1927,150.0,50830.0
GLORIA,13947,2022-11-06,113.11,235.7,3.23,2413,2921.0,45160.0
GLORIA,13969,2022-11-10,120.51,245.54,2.61,1927,150.0,51380.0
GLORIA,13978,2022-11-11,113.25,231.435,4.1,2413,2921.0,44900.0
GLORIA,14005,2022-11-15,111.92,241.601,7.27,2413,2921.0,45740.0
GLORIA,14027,2022-11-17,120.14,258.615,3.45,1927,150.0,52850.0
GLORIA,14029,2022-11-18,113.61,242.76,3.91,2413,2921.0,46060.0
GLORIA,14053,2022-11-20,113.65,227.365,2.21,2413,2921.0,44350.0
GLORIA,14076,2022-11-23,113.25,235.85,4.62,2413,2921.0,45390.0
GLORIA,14099,2022-11-26,115.8,228.67,3.78,2413,2921.0,45150.0
GLORIA,14155,2022-12-03,115.72,230.384,2.13,2413,2921.0,45230.0
GLORIA,14187,2022-12-07,114.08,232.205,4.18,2413,2921.0,45130.0
GLORIA,14191,2022-12-08,121.2,245.71,4.31,1927,150.0,51720.0
GLORIA,14214,2022-12-11,109.24,231.783,5.29,2413,2921.0,43930.0
GLORIA,14236,2022-12-15,124.1,238.195,3.78,2350,1517.0,53630.0
GLORIA,14238,2022-12-15,113.0,233.186,5.82,2413,2921.0,45090.0
GLORIA,14261,2022-12-18,113.25,247.77,6.29,2413,2921.0,46970.0
GLORIA,14381,2023-01-05,113.25,248.477,7.61,2413,2921.0,47130.0
GLORIA,14388,2023-01-06,122.41,250.797,6.39,1927,150.0,52810.0
GLORIA,14404,2023-01-08,114.7,241.151,5.46,2413,2921.0,46220.0
GLORIA,14418,2023-01-10,113.88,229.891,6.26,2413,2921.0,44950.0
GLORIA,14425,2023-01-11,121.82,240.601,5.72,1927,150.0,51380.0
GLORIA,14442,2023-01-13,112.52,227.248,5.43,2413,2921.0,44280.0
GLORIA,14461,2023-01-15,113.11,235.877,3.95,2413,2921.0,45540.0
GLORIA,14473,2023-01-16,120.56,251.244,5.04,1927,150.0,52660.0
GLORIA,14509,2023-01-20,120.35,255.256,4.36,6876,5248.0,51800.0
GLORIA,14530,2023-01-24,112.88,221.828,9.62,2413,2921.0,44060.0
GLORIA,14548,2023-01-26,118.25,269.937,3.83,6842,5288.0,53150.0
GLORIA,14576,2023-01-29,114.08,242.987,4.65,2413,2921.0,46560.0
GLORIA,14584,2023-01-30,117.0,240.598,4.43,4194,5381.0,50260.0
GLORIA,14586,2023-01-30,122.95,253.924,3.94,5427,5382.0,51280.0
GLORIA,14598,2023-01-31,112.8,239.096,4.35,2413,2921.0,46010.0
GLORIA,14605,2023-02-01,116.8,252.911,4.41,6773,5229.0,48870.0
GLORIA,14620,2023-02-04,117.93,265.073,6.39,5829,5378.0,52040.0
GLORIA,14627,2023-02-04,120.56,253.733,4.35,1927,150.0,52760.0
GLORIA,14637,2023-02-05,124.28,261.023,4.5,6842,5288.0,53730.0
GLORIA,14648,2023-02-07,123.32,268.894,3.68,6876,5248.0,54420.0
GLORIA,14653,2023-02-07,120.82,245.489,5.54,1927,150.0,51490.0
GLORIA,14655,2023-02-08,125.88,238.481,6.47,6151,4568.0,48890.0
GLORIA,14664,2023-02-09,117.05,248.27,4.65,7117,5394.0,51900.0
GLORIA,14670,2023-02-09,113.03,250.464,4.87,2413,2921.0,47410.0
GLORIA,14694,2023-02-11,113.24,232.868,5.57,2413,2921.0,45280.0
GLORIA,14695,2023-02-12,112.85,245.459,4.18,6151,4568.0,46450.0
GLORIA,14716,2023-02-14,110.5,263.801,4.41,7127,4950.0,50300.0
GLORIA,14731,2023-02-16,125.53,281.686,2.96,6880,5248.0,56600.0
GLORIA,14736,2023-02-16,113.6,229.489,5.06,2413,2921.0,44800.0
GLORIA,14764,2023-02-19,113.61,242.056,4.84,2413,2921.0,46380.0
GLORIA,14775,2023-02-21,121.45,263.565,4.9,1927,150.0,54320.0
GLORIA,14780,2023-02-24,111.55,258.359,4.99,2413,2921.0,48040.0
GLORIA,14797,2023-02-27,122.75,275.601,4.9,6812,4964.0,53540.0
GLORIA,14803,2023-02-27,115.04,219.315,4.15,2413,2921.0,44080.0
GLORIA,14814,2023-03-01,119.68,225.769,5.26,6773,5229.0,46180.0
GLORIA,14850,2023-03-05,113.04,236.2,3.72,2413,2921.0,45480.0
GLORIA,14866,2023-03-08,113.27,232.983,5.2,2413,2921.0,45100.0
GLORIA,14890,2023-03-11,113.61,222.868,5.47,2413,2921.0,44160.0
GLORIA,14905,2023-03-12,113.26,222.055,4.34,2413,2921.0,44010.0
GLORIA,14923,2023-03-16,114.16,228.802,5.06,2413,2921.0,45040.0
GLORIA,14924,2023-03-16,67.64,232.111,3.95,812,5226.0,26740.0
GLORIA,14967,2023-03-21,112.88,231.308,4.62,2413,2921.0,45030.0
GLORIA,14986,2023-03-24,113.61,253.235,4.3,2413,2921.0,47640.0
GLORIA,15004,2023-03-26,113.82,244.86,4.89,2413,2921.0,47090.0
GLORIA,15072,2023-04-05,68.81,222.351,3.71,812,5226.0,25870.0
GLORIA,15079,2023-04-05,112.84,224.566,5.48,2413,2921.0,44140.0
GLORIA,15088,2023-04-07,69.31,239.071,4.18,812,5226.0,27230.0
GLORIA,15108,2023-04-09,68.0,231.912,5.01,812,5226.0,26500.0
GLORIA,15119,2023-04-11,71.86,221.264,3.32,812,5226.0,26580.0
GLORIA,15128,2023-04-13,69.88,232.971,3.61,812,5226.0,26970.0
GLORIA,15150,2023-04-15,66.96,249.851,4.16,812,5226.0,27520.0
GLORIA,15183,2023-04-20,78.31,247.861,6.26,60,149.0,30340.0
GLORIA,15185,2023-04-20,72.35,244.782,5.18,812,5226.0,28590.0
GLORIA,15192,2023-04-21,112.58,223.752,4.42,2413,2921.0,43860.0
GLORIA,15208,2023-04-22,72.14,240.643,2.93,812,5226.0,28300.0
GLORIA,15224,2023-04-24,78.67,233.507,4.79,60,149.0,29390.0
GLORIA,15229,2023-04-25,72.5,233.379,4.64,812,5226.0,27800.0
GLORIA,15236,2023-04-25,113.26,213.05,3.82,2413,2921.0,42860.0
GLORIA,15242,2023-04-26,73.11,257.831,3.68,812,5226.0,29720.0
GLORIA,15244,2023-04-26,78.86,233.198,5.91,60,149.0,29380.0
GLORIA,15255,2023-04-28,72.97,241.058,4.56,812,5226.0,28470.0
GLORIA,15268,2023-04-29,112.92,229.366,3.7,2413,2921.0,44610.0
GLORIA,15278,2023-04-30,72.22,247.161,4.6,812,5226.0,28740.0
GLORIA,15295,2023-05-03,77.72,228.513,5.82,60,149.0,28720.0
GLORIA,15305,2023-05-04,71.25,240.842,5.36,812,5226.0,27960.0
GLORIA,15307,2023-05-04,112.52,218.894,4.06,2413,2921.0,43170.0
GLORIA,15309,2023-05-04,78.06,225.98,5.28,60,149.0,28600.0
GLORIA,15347,2023-05-09,76.2,226.509,4.82,60,149.0,28120.0
GLORIA,15362,2023-05-10,113.32,214.084,5.9,2413,2921.0,43200.0
GLORIA,15383,2023-05-11,79.09,223.669,3.37,60,149.0,28590.0
GLORIA,15384,2023-05-11,120.11,226.709,5.02,1927,150.0,49010.0
GLORIA,15393,2023-05-12,72.91,227.541,4.67,812,5226.0,27480.0
GLORIA,15397,2023-05-13,112.46,219.278,3.67,2413,2921.0,43230.0
GLORIA,15403,2023-05-13,78.17,230.139,2.55,60,149.0,28700.0
GLORIA,15413,2023-05-14,71.57,237.25,5.61,812,5226.0,27860.0
GLORIA,15421,2023-05-16,112.89,234.21,2.39,2413,2921.0,44970.0
GLORIA,15482,2023-05-24,72.57,244.454,3.07,812,5226.0,28530.0
GLORIA,15506,2023-05-27,78.1,232.907,2.38,60,149.0,29090.0
GLORIA,15525,2023-05-29,73.02,245.412,3.74,812,5226.0,28760.0
GLORIA,15526,2023-05-29,77.9,258.537,3.65,60,149.0,31180.0
GLORIA,15532,2023-05-29,113.0,252.478,4.67,2413,2921.0,47270.0
GLORIA,15553,2023-06-01,76.4,281.806,7.21,60,149.0,32670.0
GLORIA,15556,2023-06-01,71.46,258.046,5.58,812,5226.0,29440.0
GLORIA,15584,2023-06-03,113.76,246.572,5.45,2413,2921.0,46710.0
GLORIA,15585,2023-06-04,125.76,275.763,5.19,6880,5494.0,55670.0
GLORIA,15591,2023-06-04,76.49,250.098,4.73,60,149.0,30260.0
GLORIA,15593,2023-06-04,74.02,262.767,4.7,812,5226.0,30300.0
GLORIA,15619,2023-06-06,78.2,255.882,6.63,60,149.0,31070.0
GLORIA,15635,2023-06-07,112.88,249.823,3.28,2413,2921.0,46840.0
GLORIA,15642,2023-06-08,70.64,254.813,3.69,812,5226.0,28820.0
GLORIA,15656,2023-06-09,78.0,252.821,3.44,60,149.0,30810.0
GLORIA,15685,2023-06-11,112.17,247.303,3.72,2413,2921.0,46400.0
GLORIA,15696,2023-06-12,78.7,230.623,4.04,60,149.0,29220.0
GLORIA,15708,2023-06-15,77.75,241.543,4.25,60,149.0,29820.0
GLORIA,15713,2023-06-16,124.04,237.101,2.92,2350,1517.0,53470.0
GLORIA,15717,2023-06-16,112.76,241.93,5.71,2413,2921.0,46190.0
GLORIA,15718,2023-06-16,72.13,257.036,5.11,812,5226.0,29380.0
GLORIA,15733,2023-06-17,77.7,237.838,2.79,60,149.0,29420.0
GLORIA,15747,2023-06-18,71.27,232.496,4.72,812,5226.0,27480.0
GLORIA,15788,2023-06-23,76.73,246.449,3.57,60,149.0,29860.0
GLORIA,15825,2023-06-26,112.67,226.68,3.35,2413,2921.0,44140.0
GLORIA,15841,2023-06-27,78.34,233.852,2.86,60,149.0,29310.0
GLORIA,15928,2023-07-08,78.77,229.783,5.14,60,149.0,28920.0
GLORIA,15941,2023-07-10,112.36,222.766,2.39,2413,2921.0,43560.0
GLORIA,15946,2023-07-11,77.64,246.78,2.8,60,149.0,30060.0
GLORIA,15959,2023-07-14,78.09,230.119,3.97,60,149.0,28880.0
GLORIA,15961,2023-07-14,72.62,237.951,3.7,812,5425.0,28260.0
GLORIA,15986,2023-07-17,113.08,251.592,2.8,2413,2921.0,46930.0
GLORIA,15989,2023-07-17,78.16,250.64,3.65,60,149.0,30500.0
GLORIA,15996,2023-07-18,71.62,255.655,4.18,812,5425.0,28950.0
GLORIA,16004,2023-07-19,77.98,267.504,3.97,60,149.0,31850.0
GLORIA,16019,2023-07-20,112.88,258.15,4.58,2413,2921.0,47680.0
GLORIA,16024,2023-07-21,71.26,240.247,4.87,812,5425.0,27840.0
GLORIA,16028,2023-07-21,79.25,217.666,3.3,60,149.0,28240.0
GLORIA,16046,2023-07-23,112.57,194.546,3.73,2413,2921.0,40270.0
GLORIA,16050,2023-07-24,78.79,242.924,5.32,60,149.0,30100.0
GLORIA,16065,2023-07-25,113.07,206.686,3.73,2413,2921.0,41820.0
GLORIA,16088,2023-07-28,114.25,195.536,3.65,2413,2921.0,40980.0
GLORIA,16106,2023-07-30,113.63,217.108,3.96,2413,2921.0,43120.0
GLORIA,16164,2023-08-06,72.16,228.659,2.72,812,5226.0,27330.0
GLORIA,16169,2023-08-06,115.25,199.826,4.29,2413,2921.0,41600.0
GLORIA,16181,2023-08-08,72.57,192.09,4.44,812,5226.0,23970.0
GLORIA,16243,2023-08-15,78.21,207.774,5.73,60,149.0,27170.0
GLORIA,16256,2023-08-17,71.36,228.7,2.47,812,1815.0,26970.0
GLORIA,16275,2023-08-19,72.64,197.963,3.6,812,1815.0,24990.0
GLORIA,16285,2023-08-19,78.88,189.275,5.07,60,149.0,26090.0
GLORIA,17457,2023-12-25,114.68,231.252,6.02,2413,2921.0,45080.0
GLORIA,17463,2023-12-26,113.84,277.67,6.72,7593,147.0,50030.0
GLORIA,17515,2023-12-31,113.98,254.431,5.47,7603,5694.0,47880.0
GLORIA,19029,2024-06-18,115.8,206.649,3.68,7646,2921.0,42670.0
GLORIA,21660,2025-04-03,121.86,233.054,3.44,7650,1517.0,47350.0
GLORIA,16321,2023-08-23,121.06,200.727,5.15,1927,150.0,46210.0
GLORIA,16368,2023-08-28,125.35,191.225,5.13,2350,1517.0,47410.0
GLORIA,16407,2023-08-31,121.25,191.753,5.07,1927,150.0,44950.0
GLORIA,16411,2023-09-01,120.3,203.076,4.29,2350,1517.0,48060.0
GLORIA,16430,2023-09-03,121.1,199.835,3.11,2350,1517.0,47550.0
GLORIA,16447,2023-09-08,121.45,195.307,4.92,1927,150.0,45740.0
GLORIA,16461,2023-09-11,124.4,189.952,2.41,2350,1517.0,47280.0
GLORIA,16466,2023-09-11,121.56,202.945,4.15,1927,150.0,47060.0
GLORIA,16486,2023-09-13,124.1,196.535,4.98,2350,1517.0,48080.0
GLORIA,16490,2023-09-13,120.03,204.949,4.7,1927,150.0,46880.0
GLORIA,16509,2023-09-15,118.98,195.747,3.96,1927,150.0,45230.0
GLORIA,16527,2023-09-17,123.08,196.214,3.37,2350,1517.0,47780.0
GLORIA,16534,2023-09-17,120.8,177.732,3.03,1927,150.0,43360.0
GLORIA,16559,2023-09-20,123.76,181.884,4.58,2350,1517.0,46020.0
GLORIA,16573,2023-09-21,121.66,190.778,2.79,1927,150.0,45370.0
GLORIA,16586,2023-09-22,121.9,187.777,4.34,1927,150.0,44800.0
GLORIA,16601,2023-09-24,122.73,198.647,2.61,2350,1517.0,47780.0
GLORIA,16617,2023-09-25,122.03,192.412,4.45,1927,150.0,45380.0
GLORIA,16638,2023-09-27,121.68,185.076,3.24,1927,150.0,44500.0
GLORIA,16653,2023-09-29,125.34,190.203,3.23,2350,1517.0,47290.0
GLORIA,16659,2023-09-29,120.0,194.0,4.04,1927,150.0,45390.0
GLORIA,16697,2023-10-02,121.36,190.837,2.56,1927,150.0,44910.0
GLORIA,16723,2023-10-06,125.0,196.8,2.38,2350,1517.0,48050.0
GLORIA,16732,2023-10-07,119.97,200.3,2.67,1927,150.0,45770.0
GLORIA,16752,2023-10-10,122.8,193.078,2.15,2350,1517.0,47110.0
GLORIA,16764,2023-10-11,121.12,200.627,4.33,1927,150.0,46250.0
GLORIA,16792,2023-10-14,125.07,191.813,1.68,2350,1517.0,47420.0
GLORIA,16808,2023-10-15,121.45,187.073,2.29,1927,150.0,44900.0
GLORIA,16865,2023-10-21,123.3,238.848,4.09,2350,1517.0,52950.0
GLORIA,16898,2023-10-24,121.22,230.325,4.08,1927,150.0,49560.0
GLORIA,16982,2023-11-03,124.32,240.026,4.44,2350,1517.0,53340.0
GLORIA,17002,2023-11-04,120.63,255.741,5.16,1927,150.0,52740.0
GLORIA,17014,2023-11-06,124.1,246.898,4.09,2350,1517.0,53980.0
GLORIA,17054,2023-11-10,122.85,251.526,3.8,1927,150.0,52540.0
GLORIA,17091,2023-11-14,121.43,260.068,2.12,1927,150.0,53480.0
GLORIA,17111,2023-11-16,120.51,240.976,4.48,1927,150.0,50940.0
GLORIA,17190,2023-11-25,124.94,220.666,4.21,2350,1517.0,51510.0
GLORIA,17342,2023-12-13,123.4,229.579,4.71,2350,1517.0,51630.0
GLORIA,17459,2023-12-26,125.2,276.677,5.13,2350,1517.0,57860.0
GLORIA,17480,2023-12-28,125.54,236.897,4.27,2350,1517.0,53150.0
GLORIA,17525,2024-01-02,121.38,229.939,5.21,1927,150.0,49990.0
GLORIA,17580,2024-01-08,121.36,226.763,3.16,1927,150.0,49500.0
GLORIA,17607,2024-01-11,121.16,221.36,4.68,1927,150.0,48710.0
GLORIA,17655,2024-01-17,121.21,222.754,4.68,1927,150.0,48800.0
GLORIA,17665,2024-01-18,125.18,235.181,5.62,2350,1517.0,53150.0
GLORIA,17684,2024-01-20,119.03,225.069,2.42,1927,150.0,48540.0
GLORIA,17704,2024-01-23,122.82,227.732,3.63,2350,1517.0,51500.0
GLORIA,17784,2024-01-30,121.24,241.339,3.91,1927,150.0,50910.0
GLORIA,17823,2024-02-04,120.4,245.432,2.28,2350,1517.0,52500.0
GLORIA,17834,2024-02-05,118.89,242.241,3.68,1927,150.0,50630.0
GLORIA,17874,2024-02-10,122.22,257.405,6.93,2350,1517.0,54960.0
GLORIA,17878,2024-02-11,118.72,237.028,5.09,1927,150.0,50080.0
GLORIA,17905,2024-02-13,118.48,245.105,5.62,1927,150.0,50990.0
GLORIA,17953,2024-02-18,119.76,217.852,5.28,1927,150.0,48430.0
GLORIA,17990,2024-02-22,124.81,221.457,3.0,2350,1517.0,51200.0
GLORIA,18066,2024-02-29,117.15,239.949,4.06,1927,150.0,49660.0
GLORIA,18674,2024-05-09,119.34,224.736,3.97,7727,138.0,49310.0
GLORIA,18691,2024-05-11,124.24,226.658,2.97,2350,1517.0,51440.0
GLORIA,18698,2024-05-12,119.93,224.214,3.26,7727,150.0,49350.0
GLORIA,18704,2024-05-14,124.55,218.145,5.04,2350,1517.0,50440.0
GLORIA,18732,2024-05-16,118.5,229.114,3.57,7727,138.0,49920.0
GLORIA,18737,2024-05-17,121.05,216.935,4.83,2350,1517.0,49610.0
GLORIA,18750,2024-05-18,118.86,228.588,2.27,7727,138.0,49420.0
GLORIA,18755,2024-05-19,117.37,226.378,2.39,7727,138.0,48810.0
GLORIA,18773,2024-05-21,119.45,219.422,5.0,7727,149.0,49030.0
GLORIA,18777,2024-05-22,125.1,219.744,3.91,2350,1517.0,50580.0
GLORIA,18797,2024-05-24,120.55,219.909,3.51,7727,149.0,49290.0
GLORIA,18807,2024-05-25,124.37,217.014,3.87,2350,1517.0,50380.0
GLORIA,18839,2024-05-27,119.6,207.609,4.85,7727,149.0,47390.0
GLORIA,18861,2024-05-30,119.54,203.196,4.6,7727,149.0,47270.0
GLORIA,18866,2024-05-31,121.93,209.136,3.06,2350,1517.0,48640.0
GLORIA,18892,2024-06-03,120.42,207.191,3.39,7727,149.0,47350.0
GLORIA,18900,2024-06-03,121.73,210.712,2.55,2350,1517.0,49090.0
GLORIA,18918,2024-06-05,118.28,217.027,4.97,7727,149.0,48080.0
GLORIA,18925,2024-06-06,120.84,217.726,4.04,2350,1517.0,49470.0
GLORIA,18937,2024-06-09,120.95,226.54,3.61,2350,1517.0,50950.0
GLORIA,18945,2024-06-10,117.89,212.91,5.95,7727,149.0,47700.0
GLORIA,18963,2024-06-12,120.82,212.548,4.0,7727,149.0,48300.0
GLORIA,18998,2024-06-15,120.94,220.771,3.22,2350,1517.0,50060.0
GLORIA,19008,2024-06-16,119.45,217.329,4.07,7727,149.0,48350.0
GLORIA,19038,2024-06-19,117.85,218.753,3.63,7727,149.0,48380.0
GLORIA,19071,2024-06-23,117.23,231.852,2.94,2350,1517.0,50690.0
GLORIA,19078,2024-06-24,119.3,217.435,4.33,7727,149.0,48610.0
GLORIA,19103,2024-06-26,121.76,214.274,3.67,2350,1517.0,49370.0
GLORIA,19104,2024-06-26,119.8,212.688,3.65,7727,149.0,48270.0
GLORIA,19125,2024-06-28,117.7,214.274,4.2,7727,149.0,47780.0
GLORIA,19128,2024-06-28,119.77,214.828,3.48,2350,1517.0,48940.0
GLORIA,19147,2024-06-30,116.34,213.426,4.62,7727,149.0,47310.0
GLORIA,19151,2024-06-30,123.3,215.004,4.45,2350,1517.0,49800.0
GLORIA,19164,2024-07-02,115.31,226.086,3.82,7727,149.0,48560.0
GLORIA,19166,2024-07-02,119.43,220.548,3.1,2350,1517.0,49520.0
GLORIA,19213,2024-07-07,123.25,210.061,4.39,2350,1517.0,49220.0
GLORIA,19247,2024-07-10,114.05,214.818,3.18,7727,149.0,46740.0
GLORIA,19280,2024-07-13,117.3,232.14,4.64,7725,149.0,49730.0
GLORIA,19300,2024-07-15,121.67,202.679,4.58,2350,,47640.0
GLORIA,19314,2024-07-17,114.84,223.354,4.57,7727,149.0,48000.0
GLORIA,19339,2024-07-20,122.91,212.351,2.91,2350,1517.0,49200.0
GLORIA,19340,2024-07-20,114.9,217.668,2.67,7727,149.0,47370.0
GLORIA,19363,2024-07-22,117.65,218.19,2.71,7727,149.0,48020.0
GLORIA,19387,2024-07-25,111.93,227.017,1.24,7725,149.0,47750.0
GLORIA,19406,2024-07-27,122.95,210.004,3.0,2350,1517.0,48890.0
GLORIA,19407,2024-07-27,117.67,215.348,2.91,7727,149.0,47530.0
GLORIA,19424,2024-07-29,116.1,210.25,2.41,7725,149.0,46800.0
GLORIA,19427,2024-07-29,119.42,220.817,3.15,2350,1517.0,49590.0
GLORIA,19448,2024-07-31,118.07,215.635,2.93,2350,1517.0,48310.0
GLORIA,19528,2024-08-09,118.02,213.693,4.6,7727,149.0,47840.0
GLORIA,19538,2024-08-10,119.65,203.677,4.95,2350,1517.0,47410.0
GLORIA,19546,2024-08-11,118.5,215.781,4.28,7727,149.0,47990.0
GLORIA,19568,2024-08-13,115.5,204.848,3.62,7727,149.0,46400.0
GLORIA,19572,2024-08-14,122.15,195.006,2.27,2350,1517.0,46800.0
GLORIA,16543,2023-09-18,72.27,182.233,5.38,812,5425.0,24060.0
GLORIA,17975,2024-02-21,113.98,206.878,5.53,7646,2921.0,42280.0
GLORIA,16317,2023-08-23,113.52,173.978,2.26,2413,2921.0,38280.0
GLORIA,16338,2023-08-25,72.23,187.872,2.93,812,1517.0,24260.0
GLORIA,16341,2023-08-25,114.18,178.49,3.77,2413,2921.0,39070.0
GLORIA,16367,2023-08-27,115.07,185.8,4.39,2413,2921.0,40020.0
GLORIA,16410,2023-09-01,69.0,199.565,2.44,812,5425.0,24510.0
GLORIA,16416,2023-09-01,113.21,186.909,2.62,2413,2921.0,39800.0
GLORIA,16443,2023-09-07,113.55,186.526,5.4,2413,2921.0,39690.0
GLORIA,16453,2023-09-10,72.07,209.102,4.4,812,5226.0,25950.0
GLORIA,16479,2023-09-12,114.0,194.825,6.59,2413,2921.0,40930.0
GLORIA,16500,2023-09-14,72.87,187.32,2.98,812,5425.0,25090.0
GLORIA,16503,2023-09-14,113.95,195.612,7.42,2413,2921.0,41040.0
GLORIA,16517,2023-09-16,73.1,199.179,4.37,812,5425.0,25310.0
GLORIA,16524,2023-09-17,113.1,197.79,5.72,2413,2921.0,40980.0
GLORIA,16542,2023-09-18,113.43,186.547,3.08,2413,2921.0,39810.0
GLORIA,16583,2023-09-22,72.86,181.581,3.4,812,5425.0,23870.0
GLORIA,16598,2023-09-24,72.6,182.645,4.69,812,5425.0,24760.0
GLORIA,16631,2023-09-27,72.62,188.791,4.7,812,5425.0,24780.0
GLORIA,16652,2023-09-29,112.62,184.337,4.03,2413,2921.0,39880.0
GLORIA,16689,2023-10-02,70.8,201.836,5.03,812,5425.0,25120.0
GLORIA,16717,2023-10-05,113.0,175.133,3.16,2413,2921.0,38450.0
GLORIA,16725,2023-10-06,73.08,192.392,3.41,812,5425.0,25300.0
GLORIA,16743,2023-10-09,115.8,186.615,5.06,2413,2921.0,40460.0
GLORIA,16749,2023-10-10,73.49,197.578,4.57,812,5425.0,25340.0
GLORIA,16772,2023-10-12,115.3,186.557,3.07,2413,2921.0,40310.0
GLORIA,16829,2023-10-18,72.36,194.444,1.79,812,5425.0,25200.0
GLORIA,16844,2023-10-19,113.36,205.981,5.35,2413,2921.0,42170.0
GLORIA,16921,2023-10-27,113.68,240.764,4.33,2413,2921.0,46050.0
GLORIA,16952,2023-10-30,71.52,257.97,2.33,812,5425.0,29030.0
GLORIA,16978,2023-11-02,113.18,246.422,5.3,2413,2921.0,46700.0
GLORIA,17007,2023-11-05,114.3,247.069,3.34,2413,2921.0,46840.0
GLORIA,17029,2023-11-07,71.1,261.322,2.84,812,5425.0,29880.0
GLORIA,17055,2023-11-10,122.04,260.98,3.11,2350,1517.0,55350.0
GLORIA,17067,2023-11-11,113.46,246.43,3.55,2413,2921.0,46790.0
GLORIA,17113,2023-11-17,113.12,247.702,3.16,2350,1517.0,48170.0
GLORIA,17147,2023-11-21,121.34,248.311,2.7,1927,150.0,52400.0
GLORIA,17159,2023-11-22,125.46,242.149,3.48,2350,1517.0,53980.0
GLORIA,17181,2023-11-24,71.18,224.501,4.65,812,5425.0,27860.0
GLORIA,17346,2023-12-14,114.23,234.352,4.78,2413,2921.0,45550.0
GLORIA,17485,2023-12-29,113.9,235.382,4.63,2413,2921.0,45580.0
GLORIA,17509,2023-12-31,130.0,280.928,12.58,7584,5686.0,55940.0
GLORIA,17511,2023-12-31,111.63,238.466,5.76,7593,147.0,44950.0
GLORIA,17518,2024-01-01,115.32,236.559,10.43,2413,2921.0,46450.0
GLORIA,17533,2024-01-03,116.3,235.77,5.49,7593,147.0,46020.0
GLORIA,17557,2024-01-06,114.46,225.232,5.76,2413,2921.0,44890.0
GLORIA,17660,2024-01-18,113.39,214.128,4.4,2413,2921.0,43260.0
GLORIA,17705,2024-01-23,112.52,232.314,4.48,2413,2921.0,45280.0
GLORIA,17710,2024-01-23,120.35,234.649,6.26,1927,150.0,50100.0
GLORIA,17734,2024-01-25,114.7,230.602,4.69,2413,2921.0,45610.0
GLORIA,17747,2024-01-27,120.48,234.562,3.23,1927,150.0,49940.0
GLORIA,17758,2024-01-28,122.46,233.791,2.9,2350,1517.0,52110.0
GLORIA,17764,2024-01-28,120.73,243.85,4.8,1927,150.0,51250.0
GLORIA,17775,2024-01-29,114.12,226.078,3.92,7646,2921.0,44740.0
GLORIA,17808,2024-02-02,120.47,233.751,2.94,1927,150.0,50270.0
GLORIA,17857,2024-02-08,116.43,233.445,4.0,1927,150.0,49430.0
GLORIA,17859,2024-02-08,110.33,229.947,5.09,7646,2921.0,44260.0
GLORIA,17872,2024-02-09,70.67,244.658,4.96,812,5425.0,28450.0
GLORIA,17885,2024-02-11,114.18,223.069,5.39,7646,2921.0,44370.0
GLORIA,17914,2024-02-14,112.88,229.979,4.74,7646,2921.0,44840.0
GLORIA,17916,2024-02-14,71.9,217.942,4.86,812,5425.0,27180.0
GLORIA,17947,2024-02-17,113.98,216.178,5.13,2413,2921.0,43580.0
GLORIA,17981,2024-02-21,120.32,217.337,3.83,1927,150.0,48310.0
GLORIA,18223,2024-03-20,118.67,208.646,4.48,2350,1517.0,48050.0
GLORIA,18800,2024-05-24,114.9,211.575,4.41,7646,2921.0,43040.0
GLORIA,18856,2024-05-30,112.33,209.383,4.6,7646,2921.0,42240.0
GLORIA,18888,2024-06-02,108.88,213.813,2.95,7646,2921.0,42080.0
GLORIA,18901,2024-06-03,127.49,222.057,4.43,6842,5755.0,49400.0
GLORIA,18923,2024-06-05,114.3,209.536,5.11,7646,2921.0,42820.0
GLORIA,18962,2024-06-12,112.15,215.337,3.7,2350,1517.0,44110.0
GLORIA,18993,2024-06-15,73.02,205.012,4.88,812,5436.0,25710.0
GLORIA,19035,2024-06-19,75.19,206.41,3.72,60,5425.0,26640.0
GLORIA,19081,2024-06-24,72.35,220.733,5.51,812,5436.0,26660.0
GLORIA,19084,2024-06-24,108.88,221.436,2.56,7646,2921.0,42770.0
GLORIA,19109,2024-06-26,72.8,217.445,5.56,812,5436.0,26500.0
GLORIA,19119,2024-06-27,110.91,227.752,4.52,7646,2921.0,43980.0
GLORIA,19134,2024-06-29,69.96,231.704,4.47,812,5436.0,26930.0
GLORIA,19143,2024-06-29,110.91,220.9,3.22,7646,2921.0,43390.0
GLORIA,19156,2024-07-01,110.08,227.289,3.59,7646,2921.0,43880.0
GLORIA,19158,2024-07-01,70.11,230.78,1.95,812,5436.0,26950.0
GLORIA,19229,2024-07-08,127.95,211.958,3.77,6876,1903.0,48020.0
GLORIA,19276,2024-07-13,69.9,230.901,4.51,812,5436.0,26790.0
GLORIA,19279,2024-07-13,108.1,222.387,5.22,7646,2921.0,42870.0
GLORIA,19294,2024-07-12,119.97,216.971,4.54,2350,1517.0,49230.0
GLORIA,19296,2024-07-15,128.1,222.092,3.9,6876,1903.0,49330.0
GLORIA,19297,2024-07-15,130.84,227.071,4.42,6842,5755.0,50680.0
GLORIA,19344,2024-07-20,71.75,227.875,3.12,812,5436.0,27080.0
GLORIA,19348,2024-07-21,127.66,240.874,4.75,6876,1903.0,51520.0
GLORIA,19366,2024-07-23,117.83,215.819,2.92,2350,1517.0,48650.0
GLORIA,19377,2024-07-24,114.35,215.216,3.89,7646,1517.0,43260.0
GLORIA,19394,2024-07-26,109.9,211.101,2.56,7646,1517.0,42010.0
GLORIA,19412,2024-07-28,106.83,215.295,2.38,6752,199.0,43360.0
GLORIA,19418,2024-07-28,128.0,223.359,3.08,6842,5755.0,49720.0
GLORIA,19430,2024-07-29,123.64,211.906,3.26,7879,1903.0,46920.0
GLORIA,19432,2024-07-30,103.56,219.197,2.78,6752,199.0,43080.0
GLORIA,19445,2024-07-31,117.05,224.69,2.93,7727,149.0,48800.0
GLORIA,19456,2024-08-01,122.5,217.796,3.22,7879,1903.0,47500.0
GLORIA,19513,2024-08-08,110.78,202.203,3.28,7646,1517.0,41280.0
GLORIA,19527,2024-08-09,106.56,214.527,4.19,6752,199.0,43300.0
GLORIA,19532,2024-08-10,125.36,215.699,3.97,7889,5755.0,48030.0
GLORIA,19550,2024-08-11,109.97,221.333,3.96,7646,1517.0,43510.0
GLORIA,19551,2024-08-12,116.71,220.975,4.05,2350,1517.0,48640.0
GLORIA,19561,2024-08-13,117.19,216.23,3.48,6752,199.0,45600.0
GLORIA,19605,2024-08-17,115.11,210.842,2.72,7727,149.0,46820.0
GLORIA,19612,2024-08-18,115.07,187.277,2.55,7646,2921.0,40350.0
GLORIA,10494,2021-09-02,71.0,255.352,3.42,812,4849.0,29180.0
GLORIA,10495,2021-09-02,79.8,224.561,3.83,60,149.0,28680.0
GLORIA,10526,2021-09-06,115.0,244.348,3.84,2192,2060.0,45890.0
GLORIA,10596,2021-09-19,74.07,207.641,4.3,812,4961.0,26620.0
GLORIA,11458,2022-01-13,113.0,260.0,4.58,2413,2921.0,47920.0
GLORIA,10888,2021-10-28,114.0,228.684,6.27,2413,2921.0,44550.0
GLORIA,21682,2025-04-05,117.09,230.079,4.06,7725,149.0,49540.0
GLORIA,21690,2025-04-06,129.54,244.48,3.71,2350,2921.0,51960.0
GLORIA,21696,2025-04-07,120.95,228.69,5.38,2350,1517.0,46470.0
GLORIA,21719,2025-04-10,109.47,234.402,4.68,6752,199.0,46480.0
GLORIA,21723,2025-04-10,114.2,230.385,4.34,7727,149.0,49030.0
GLORIA,9998,2021-06-27,117.26,202.115,4.71,2413,2921.0,42030.0
GLORIA,10023,2021-06-30,113.0,235.221,3.45,2413,2921.0,44970.0
GLORIA,10070,2021-07-06,73.0,242.74,1.94,812,4849.0,28890.0
GLORIA,10082,2021-07-08,104.92,244.377,2.87,5994,4903.0,46340.0
GLORIA,10085,2021-07-08,72.0,231.528,3.38,812,4849.0,27770.0
GLORIA,10097,2021-07-09,72.8,228.022,2.42,812,4849.0,27640.0
GLORIA,10124,2021-07-13,73.2,230.464,3.64,812,4849.0,27900.0
GLORIA,10156,2021-07-17,115.96,222.232,4.0,2413,2921.0,44200.0
GLORIA,10166,2021-07-18,73.0,240.822,5.91,812,4849.0,28860.0
GLORIA,10214,2021-07-23,72.91,218.077,1.33,812,4849.0,26950.0
GLORIA,10470,2021-08-30,73.0,235.753,4.46,812,4961.0,28280.0
GLORIA,10487,2021-09-01,112.5,264.622,3.16,2192,2060.0,47620.0
GLORIA,10518,2021-09-05,73.0,230.274,3.33,812,4961.0,27890.0
GLORIA,10524,2021-09-06,106.0,237.453,4.6,4126,1996.0,42090.0
GLORIA,10580,2021-09-12,115.0,240.0,4.29,2192,2060.0,45380.0
GLORIA,10698,2021-10-04,113.5,232.863,5.73,2413,2921.0,44960.0
GLORIA,10868,2021-10-25,73.2,213.115,4.57,812,5014.0,26910.0
GLORIA,10889,2021-10-28,72.7,199.725,5.11,812,5014.0,25740.0
GLORIA,10931,2021-11-02,71.5,214.406,5.4,812,4849.0,26640.0
GLORIA,10950,2021-11-04,70.05,214.847,3.37,812,5014.0,26270.0
GLORIA,10970,2021-11-06,70.5,212.624,3.79,812,5014.0,26260.0
GLORIA,11070,2021-11-18,117.0,222.393,7.69,2413,2921.0,44390.0
GLORIA,11081,2021-11-21,72.0,215.694,4.33,812,5014.0,26820.0
GLORIA,11090,2021-11-23,111.0,239.73,4.52,2413,2921.0,44960.0
GLORIA,11097,2021-11-24,71.0,218.592,4.71,812,5014.0,26790.0
GLORIA,11117,2021-11-26,115.0,230.87,5.15,2413,2921.0,44770.0
GLORIA,11137,2021-11-29,116.34,222.194,5.07,2413,2921.0,44230.0
GLORIA,11176,2021-12-07,114.1,222.962,4.54,2413,2921.0,43650.0
GLORIA,11204,2021-12-10,109.0,216.422,3.38,2413,2921.0,41750.0
GLORIA,11227,2021-12-13,115.0,204.783,5.71,2413,2921.0,41800.0
GLORIA,11231,2021-12-14,72.5,217.655,5.65,812,5014.0,27060.0
GLORIA,11248,2021-12-16,115.11,232.734,6.05,2413,2921.0,45090.0
GLORIA,11300,2021-12-23,113.0,215.841,4.92,2413,2921.0,42690.0
GLORIA,11309,2021-12-24,126.6,219.589,5.59,2350,1517.0,59140.0
GLORIA,11394,2022-01-05,111.0,279.923,12.39,2413,2921.0,49640.0
GLORIA,11423,2022-01-09,109.2,291.392,7.56,2413,2921.0,50240.0
GLORIA,11488,2022-01-17,111.45,276.626,3.0,2413,2921.0,49160.0
GLORIA,11533,2022-01-22,110.0,276.818,6.22,2413,2921.0,48810.0
GLORIA,11541,2022-01-23,74.0,249.595,3.86,812,5014.0,29690.0
GLORIA,11569,2022-01-28,73.5,251.701,6.47,812,5014.0,29780.0
GLORIA,11587,2022-01-30,113.5,259.736,6.01,2413,2921.0,47850.0
GLORIA,11603,2022-02-04,114.1,253.725,8.44,2413,2921.0,47420.0
GLORIA,11865,2022-03-09,115.0,250.0,5.59,2413,2921.0,47330.0
GLORIA,12743,2022-06-24,126.09,225.553,5.82,2350,1517.0,61210.0
GLORIA,12798,2022-06-30,128.16,229.479,5.81,2350,1517.0,52950.0
GLORIA,12812,2022-07-02,127.56,220.994,3.46,2350,1517.0,51540.0
GLORIA,12873,2022-07-09,128.0,210.859,3.36,2350,1517.0,50490.0
GLORIA,12922,2022-07-14,126.5,224.19,4.55,2350,1517.0,51740.0
GLORIA,13154,2022-08-11,126.4,226.028,4.73,2350,1517.0,52320.0
GLORIA,13184,2022-08-14,111.79,223.544,2.61,2413,2921.0,43520.0
GLORIA,14492,2023-01-19,126.6,237.204,5.37,2350,1517.0,53820.0
GLORIA,14625,2023-02-04,122.03,247.644,5.71,2747,4560.0,52450.0
GLORIA,14649,2023-02-07,119.07,248.593,5.16,2747,4560.0,51720.0
GLORIA,14662,2023-02-08,125.85,280.731,4.99,6812,4964.0,54750.0
GLORIA,14673,2023-02-10,121.6,249.342,5.0,2747,4560.0,52540.0
GLORIA,14682,2023-02-10,126.32,231.951,6.07,6151,4568.0,47950.0
GLORIA,14702,2023-02-12,121.08,225.801,5.25,2747,4560.0,49670.0
GLORIA,14720,2023-02-15,125.59,238.395,3.93,6151,4568.0,48940.0
GLORIA,14730,2023-02-16,131.89,282.281,2.9,6842,5288.0,58380.0
GLORIA,14752,2023-02-18,122.24,255.072,7.43,5829,5378.0,51580.0
GLORIA,14782,2023-02-25,125.46,239.279,5.62,6774,1688.0,49240.0
GLORIA,14783,2023-02-25,119.65,264.187,6.29,5829,5378.0,52090.0
GLORIA,14795,2023-02-26,121.62,235.488,5.64,2747,4560.0,50980.0
GLORIA,14796,2023-02-26,126.38,232.236,4.1,6773,5229.0,48890.0
GLORIA,14815,2023-03-02,128.88,258.38,3.37,6812,4964.0,52760.0
GLORIA,15443,2023-05-18,80.34,231.516,5.62,60,149.0,29580.0
GLORIA,16185,2023-08-08,135.6,196.976,2.65,7392,5573.0,46240.0
GLORIA,16232,2023-08-14,135.15,226.563,3.37,7432,197.0,49060.0
GLORIA,16282,2023-08-19,135.76,193.135,6.9,7441,,46740.0
GLORIA,16333,2023-08-24,131.07,184.405,3.69,7393,5223.0,43800.0
GLORIA,16346,2023-08-26,130.65,189.284,3.87,7393,,44330.0
GLORIA,16380,2023-08-29,130.53,206.696,3.22,7393,5223.0,46620.0
GLORIA,16406,2023-08-31,126.84,202.696,5.4,7393,5223.0,45370.0
GLORIA,17450,2023-12-24,116.1,256.934,5.69,7582,2311.0,48600.0
GLORIA,17451,2023-12-24,117.08,253.844,10.66,7586,2311.0,48740.0
GLORIA,17453,2023-12-24,125.96,281.756,5.73,7580,4236.0,54570.0
GLORIA,17455,2023-12-25,115.82,253.583,8.39,7586,5687.0,47640.0
GLORIA,17456,2023-12-24,136.49,251.74,6.07,7584,5686.0,53730.0
GLORIA,17510,2023-12-31,120.35,287.162,7.06,7586,5686.0,53680.0
GLORIA,17514,2023-12-31,118.0,237.966,4.22,7582,2311.0,46960.0
GLORIA,17988,2024-02-21,119.73,216.738,4.18,7693,5729.0,44880.0
GLORIA,21727,2025-04-11,131.16,229.643,3.92,2350,1517.0,50090.0
GLORIA,21733,2025-04-12,119.8,228.047,4.84,7650,1517.0,46900.0
GLORIA,21751,2025-04-13,114.7,230.689,5.42,7727,149.0,49160.0
GLORIA,21755,2025-04-14,129.87,242.704,3.86,2350,1517.0,51860.0
GLORIA,21768,2025-04-15,130.07,253.402,4.64,2350,1517.0,52930.0
GLORIA,21788,2025-04-18,114.1,253.9,6.23,7727,149.0,51520.0
GLORIA,21816,2025-04-21,131.5,254.297,5.76,2350,1517.0,53680.0
GLORIA,10469,2021-08-30,114.2,228.459,4.62,2350,1517.0,49150.0
GLORIA,10497,2021-09-02,113.0,261.858,4.73,2350,1517.0,52530.0
GLORIA,10523,2021-09-05,115.0,229.913,4.65,2350,1517.0,49400.0
GLORIA,10525,2021-09-06,117.5,230.894,4.01,1927,150.0,48550.0
GLORIA,10578,2021-09-12,118.03,240.871,2.67,1927,150.0,50040.0
GLORIA,10593,2021-09-18,115.64,219.647,3.61,5449,150.0,46960.0
GLORIA,10602,2021-09-14,114.8,212.979,2.9,2350,1517.0,56040.0
GLORIA,10618,2021-09-21,112.5,238.844,5.18,2350,1517.0,58410.0
GLORIA,10632,2021-09-23,114.96,231.82,4.45,2350,1517.0,49570.0
GLORIA,10648,2021-09-26,115.0,240.957,2.91,2350,1517.0,50790.0
GLORIA,10842,2021-10-22,64.2,216.667,5.88,999,1517.0,30230.0
GLORIA,10873,2021-10-26,112.9,262.356,4.46,2350,1517.0,61270.0
GLORIA,10908,2021-10-30,122.73,222.114,3.49,2350,1517.0,58700.0
GLORIA,10944,2021-11-03,122.5,228.163,2.17,2350,1517.0,59090.0
GLORIA,10968,2021-11-06,123.5,205.587,4.23,2350,1517.0,56610.0
GLORIA,11047,2021-11-15,118.0,228.644,5.72,2350,1517.0,58320.0
GLORIA,11078,2021-11-22,125.8,222.814,4.56,2350,1517.0,59350.0
GLORIA,11108,2021-11-25,124.5,219.116,3.16,2350,1517.0,58510.0
GLORIA,11138,2021-11-29,116.15,220.405,5.86,999,1517.0,57020.0
GLORIA,11165,2021-12-05,121.0,217.521,5.1,2350,1517.0,57620.0
GLORIA,11196,2021-12-09,122.0,219.262,3.15,2350,1517.0,57740.0
GLORIA,11218,2021-12-12,126.0,215.794,4.47,2350,1517.0,58440.0
GLORIA,11235,2021-12-14,123.0,233.089,6.52,2350,1517.0,60050.0
GLORIA,11256,2021-12-17,124.28,233.505,5.89,2350,1517.0,60550.0
GLORIA,11284,2021-12-21,126.5,240.474,7.73,2350,1517.0,62020.0
GLORIA,11338,2021-12-28,125.0,223.68,4.11,2350,1517.0,59210.0
GLORIA,11366,2022-01-01,122.8,278.827,8.22,2350,1517.0,65770.0
GLORIA,11378,2022-01-03,122.3,281.684,8.1,2350,1517.0,65940.0
GLORIA,11519,2022-01-21,123.0,257.561,6.55,2350,1517.0,63240.0
GLORIA,11556,2022-01-26,125.0,258.72,4.23,2350,1517.0,63460.0
GLORIA,11748,2022-02-22,126.8,244.006,3.85,2350,1517.0,61930.0
GLORIA,12193,2022-04-20,126.05,240.222,4.18,2350,1517.0,53160.0
GLORIA,12227,2022-04-24,126.22,248.138,3.75,2350,1517.0,54270.0
GLORIA,12535,2022-05-28,127.0,237.402,3.66,2350,1517.0,52690.0
GLORIA,12692,2022-06-17,126.8,239.748,6.46,2350,1517.0,63460.0
GLORIA,12720,2022-06-21,127.6,240.282,5.21,2350,1517.0,63290.0
GLORIA,13040,2022-07-29,127.31,220.721,2.93,2350,1517.0,51030.0
GLORIA,13457,2022-09-13,126.3,241.251,3.36,2350,1517.0,53600.0
GLORIA,13489,2022-09-17,128.5,249.805,4.92,2350,1517.0,54980.0
GLORIA,13527,2022-09-21,128.6,257.854,4.73,2350,1517.0,56640.0
GLORIA,13590,2022-09-27,127.69,242.619,5.09,2350,1517.0,54240.0
GLORIA,13812,2022-10-22,126.28,232.341,4.52,2350,1517.0,52780.0
GLORIA,13946,2022-11-06,126.66,232.591,2.56,2350,1517.0,52630.0
GLORIA,13996,2022-11-13,126.8,242.902,3.99,2350,1517.0,54180.0
GLORIA,14123,2022-11-29,120.73,244.595,2.72,1927,150.0,51250.0
GLORIA,14139,2022-12-01,126.09,257.039,2.76,2350,1517.0,56100.0
GLORIA,14528,2023-01-24,126.42,233.27,5.57,2350,1517.0,53500.0
GLORIA,14645,2023-02-06,126.06,240.124,4.77,2350,1517.0,53900.0
GLORIA,14804,2023-02-28,126.15,213.952,3.08,2350,1517.0,50750.0
GLORIA,14829,2023-03-03,126.3,239.272,3.38,2350,1517.0,53860.0
GLORIA,15048,2023-04-01,126.18,218.814,4.53,2350,1517.0,51820.0
GLORIA,15087,2023-04-07,126.04,234.767,4.16,2350,1517.0,53590.0
GLORIA,16168,2023-08-06,128.04,193.455,3.89,2350,1517.0,48240.0
GLORIA,16286,2023-08-19,126.24,191.698,6.12,2350,1517.0,47980.0
GLORIA,16337,2023-08-25,124.37,194.098,4.47,2350,1517.0,47600.0
GLORIA,16621,2023-09-26,126.14,182.099,3.8,2350,1517.0,46860.0
GLORIA,16960,2023-10-30,120.95,257.379,4.97,1927,150.0,53090.0
GLORIA,17462,2023-12-26,131.69,258.182,6.11,7588,5512.0,55640.0
GLORIA,17776,2024-01-30,128.18,236.074,2.79,2350,1517.0,53500.0
GLORIA,17796,2024-02-01,126.32,234.642,3.03,2350,1517.0,53070.0
GLORIA,12256,2022-04-28,124.24,237.524,3.91,2350,1517.0,51990.0
GLORIA,17174,2023-11-24,121.74,254.641,6.13,1927,150.0,53480.0
GLORIA,17964,2024-02-19,117.55,231.986,4.69,1927,150.0,49230.0
GLORIA,18054,2024-02-28,121.07,229.867,6.46,1927,150.0,49530.0
GLORIA,18093,2024-03-04,122.45,259.535,4.43,2350,1517.0,55130.0
GLORIA,18097,2024-03-04,117.81,256.515,5.04,1927,150.0,52000.0
GLORIA,18111,2024-03-06,125.1,252.678,6.61,2350,1517.0,55260.0
GLORIA,18128,2024-03-08,123.7,226.273,5.56,2350,1517.0,51320.0
GLORIA,18155,2024-03-12,125.02,230.683,4.65,2350,1517.0,52050.0
GLORIA,18193,2024-03-16,124.6,222.953,4.67,2350,1517.0,51380.0
GLORIA,18200,2024-03-17,121.65,236.827,6.4,1927,150.0,50700.0
GLORIA,18251,2024-03-23,121.06,239.716,4.56,1927,150.0,50960.0
GLORIA,18259,2024-03-24,125.02,239.882,4.81,2350,1517.0,53570.0
GLORIA,18282,2024-03-26,121.45,228.901,5.37,1927,150.0,49680.0
GLORIA,18293,2024-03-28,124.46,228.427,5.95,2350,1517.0,51920.0
GLORIA,18329,2024-04-01,119.25,232.872,4.39,1927,150.0,49680.0
GLORIA,18394,2024-04-08,124.69,233.539,5.39,2350,1517.0,52710.0
GLORIA,18396,2024-04-08,121.74,216.527,5.51,1927,150.0,48210.0
GLORIA,18417,2024-04-11,123.03,215.069,6.2,2350,1517.0,50160.0
GLORIA,18434,2024-04-13,120.14,209.089,5.67,1927,150.0,47090.0
GLORIA,18459,2024-04-17,125.34,209.271,3.92,2350,1517.0,50250.0
GLORIA,18468,2024-04-18,122.1,215.479,6.87,1927,150.0,48340.0
GLORIA,18520,2024-04-22,122.6,214.274,4.84,2350,1517.0,49920.0
GLORIA,18528,2024-04-23,121.05,215.366,4.09,1927,150.0,47910.0
GLORIA,18548,2024-04-26,124.14,208.958,4.52,2350,1517.0,49310.0
GLORIA,18561,2024-04-27,121.15,209.162,5.3,1927,150.0,47160.0
GLORIA,18583,2024-04-29,123.59,226.556,2.71,2350,1517.0,49640.0
GLORIA,18619,2024-05-03,117.94,216.466,4.11,1927,150.0,47190.0
GLORIA,18637,2024-05-05,125.72,208.161,3.82,2350,1517.0,49390.0
GLORIA,21856,2025-04-25,113.61,234.134,7.41,7646,2921.0,45800.0
GLORIA,11952,2022-03-20,112.15,258.226,6.56,2413,2921.0,47400.0
GLORIA,16408,2023-08-31,70.19,210.286,3.77,60,149.0,25700.0
GLORIA,17954,2024-02-18,122.51,233.124,5.54,7603,5694.0,47930.0
GLORIA,17955,2024-02-18,113.34,230.281,5.73,7588,5678.0,46450.0
GLORIA,17960,2024-02-19,114.46,208.195,3.92,7687,2311.0,42550.0
GLORIA,18006,2024-02-23,113.6,225.352,4.76,2413,2921.0,44600.0
GLORIA,18023,2024-02-25,119.95,241.267,4.79,1927,150.0,50860.0
GLORIA,18035,2024-02-26,124.15,235.522,5.26,2350,1517.0,52650.0
GLORIA,18046,2024-02-28,113.6,222.007,6.07,2413,2921.0,44020.0
GLORIA,18132,2024-03-09,69.89,240.95,2.99,812,5436.0,27580.0
GLORIA,18142,2024-03-09,121.41,226.917,4.54,1927,150.0,49570.0
GLORIA,18169,2024-03-13,121.08,220.763,3.04,1927,150.0,48640.0
GLORIA,18236,2024-03-21,110.55,220.443,5.35,7646,2921.0,43250.0
GLORIA,18270,2024-03-25,108.81,229.942,5.73,7646,2921.0,43880.0
GLORIA,18304,2024-03-28,115.1,212.858,4.83,7646,2921.0,43470.0
GLORIA,18343,2024-04-03,124.28,213.228,5.53,2350,1517.0,49950.0
GLORIA,18380,2024-04-07,115.22,215.327,3.76,7646,2921.0,43780.0
GLORIA,18412,2024-04-10,114.12,225.289,3.37,7646,2921.0,44660.0
GLORIA,18447,2024-04-14,113.25,206.093,6.02,7646,2921.0,42660.0
GLORIA,18490,2024-04-20,112.88,216.69,3.74,7646,2921.0,43560.0
GLORIA,18537,2024-04-25,114.65,208.897,3.22,7646,2921.0,42930.0
GLORIA,18572,2024-04-28,110.91,208.547,5.6,7646,2921.0,41880.0
GLORIA,18589,2024-04-30,118.58,218.671,3.59,1927,150.0,47570.0
GLORIA,18609,2024-05-02,115.54,206.768,4.19,7646,2921.0,42710.0
GLORIA,18623,2024-05-04,124.75,212.906,4.32,2350,1517.0,50110.0
GLORIA,18631,2024-05-05,115.07,208.916,6.09,7646,2921.0,42910.0
GLORIA,18640,2024-05-06,118.8,215.067,2.93,7727,149.0,47670.0
GLORIA,18643,2024-05-06,116.52,207.947,3.58,7646,2921.0,43060.0
GLORIA,21864,2025-04-26,117.36,244.121,5.21,7727,149.0,51460.0
GLORIA,21872,2025-04-28,128.45,252.005,4.88,2350,2921.0,52610.0
GLORIA,21909,2025-05-02,115.41,229.01,4.66,7727,149.0,49080.0
GLORIA,21914,2025-05-03,133.9,234.205,4.94,2350,1517.0,51450.0
GLORIA,21929,2025-05-04,109.0,239.817,3.49,6752,199.0,46700.0
GLORIA,21936,2025-05-05,132.8,238.554,3.74,2350,1517.0,51870.0
GLORIA,21951,2025-05-06,114.17,241.394,3.08,7727,149.0,49820.0
GLORIA,21960,2025-05-07,108.28,238.271,2.92,6752,199.0,46260.0
GLORIA,18125,2024-03-08,124.2,260.064,4.62,7716,4236.0,52710.0
GLORIA,21970,2025-05-08,134.05,233.271,4.0,2350,1517.0,51340.0
GLORIA,21982,2025-05-09,119.1,245.592,4.84,7650,2921.0,48410.0
GLORIA,22005,2025-05-12,115.0,240.87,5.11,7727,149.0,49940.0
GLORIA,22015,2025-05-14,120.73,225.13,4.39,7646,2921.0,45810.0
GLORIA,22028,2025-05-16,131.15,240.259,4.71,2350,1517.0,51590.0
GLORIA,22035,2025-05-17,109.65,237.027,5.66,6752,199.0,46350.0
GLORIA,22052,2025-05-18,114.4,240.035,3.96,7727,149.0,49740.0
GLORIA,22061,2025-05-19,128.2,230.811,4.07,2350,1517.0,49450.0
GLORIA,22073,2025-05-21,108.28,234.946,2.71,6752,199.0,45890.0
GLORIA,22089,2025-05-23,118.62,229.978,4.6,7650,2921.0,46080.0
GLORIA,22099,2025-05-24,115.55,223.799,4.33,7727,149.0,47920.0
GLORIA,22125,2025-05-27,127.77,237.067,3.33,2350,1517.0,50300.0
GLORIA,22139,2025-05-28,111.55,213.716,4.68,6752,199.0,44280.0
GLORIA,22142,2025-05-29,119.87,224.994,4.1,7650,2921.0,45830.0
GLORIA,22168,2025-05-31,132.38,236.592,3.96,2350,1517.0,51330.0
GLORIA,22161,2025-05-31,114.76,237.365,4.33,7727,149.0,49820.0
GLORIA,22197,2025-06-03,120.2,232.446,4.41,7650,1517.0,46910.0
GLORIA,22205,2025-06-04,115.37,266.62,4.37,7727,149.0,53240.0
GLORIA,22215,2025-06-05,132.8,262.801,3.21,2350,1517.0,54770.0
GLORIA,22227,2025-06-06,119.22,254.236,4.06,7650,1517.0,49160.0
GLORIA,22232,2025-06-07,116.9,242.515,3.65,7727,149.0,50800.0
GLORIA,22279,2025-06-12,115.36,230.496,3.76,7727,150.0,48990.0
GLORIA,22300,2025-06-14,120.96,235.863,3.3,7650,2921.0,47320.0
GLORIA,22305,2025-06-14,115.9,223.814,3.66,7727,149.0,48280.0
GLORIA,22324,2025-06-16,117.25,233.518,5.07,7727,149.0,49820.0
GLORIA,22347,2025-06-19,109.37,244.4,4.03,6752,199.0,47160.0
GLORIA,22351,2025-06-19,116.85,230.039,4.53,7727,149.0,48910.0
GLORIA,22372,2025-06-21,132.8,236.145,3.52,2350,1517.0,51150.0
GLORIA,22379,2025-06-22,114.01,227.612,3.27,7727,149.0,47870.0
GLORIA,22392,2025-06-23,134.48,242.118,4.62,2350,1517.0,52500.0
GLORIA,22404,2025-06-24,113.67,262.778,8.74,7727,149.0,52090.0
GLORIA,22409,2025-06-25,129.04,265.499,10.68,2350,5356.0,53920.0
GLORIA,22429,2025-06-27,116.95,233.861,4.92,7727,149.0,49470.0
PROTEO,21350,2025-02-28,121.49,275.084,5.45,2350,1517.0,53250.0
PROTEO,21366,2025-03-02,121.5,308.395,7.6,2350,1517.0,57930.0
PROTEO,21372,2025-03-03,119.39,302.649,15.19,2350,1517.0,58200.0
PROTEO,21383,2025-03-04,121.34,307.153,5.56,2350,1517.0,57420.0
PROTEO,21408,2025-03-07,120.9,332.443,13.16,2350,1517.0,61240.0
PROTEO,21425,2025-03-09,120.02,303.533,4.81,2350,1517.0,56890.0
PROTEO,21462,2025-03-13,122.33,319.067,13.57,2350,1517.0,60000.0
PROTEO,21474,2025-03-14,66.3,290.498,5.06,812,5149.0,30300.0
PROTEO,21482,2025-03-15,112.97,287.51,9.24,7650,1517.0,51370.0
PROTEO,21516,2025-03-18,115.63,281.242,4.77,7650,1517.0,50660.0
PROTEO,21526,2025-03-20,122.75,282.2,5.8,2350,1517.0,54800.0
PROTEO,21552,2025-03-22,126.88,287.358,5.61,8177,6066.0,57520.0
PROTEO,21605,2025-03-28,126.59,300.419,6.3,7889,1903.0,59620.0
PROTEO,21628,2025-03-30,123.15,295.006,6.27,7889,1903.0,58340.0
PROTEO,21649,2025-04-01,125.05,294.922,6.46,7889,1903.0,59000.0
PROTEO,21672,2025-04-04,125.3,281.405,6.97,7889,1903.0,57510.0
PROTEO,21708,2025-04-08,123.6,269.741,4.72,7889,1903.0,54720.0
PROTEO,21728,2025-04-11,121.38,270.061,6.55,7889,1903.0,54090.0
PROTEO,21744,2025-04-12,125.05,272.131,6.52,7343,1903.0,55230.0
PROTEO,21775,2025-04-16,124.19,299.058,5.26,7343,1903.0,58490.0
PROTEO,21896,2025-05-01,112.97,319.908,5.69,7650,1517.0,55610.0
PROTEO,21900,2025-05-01,107.78,300.241,9.54,7646,2921.0,51340.0
PROTEO,21934,2025-05-05,110.33,282.516,11.41,7646,2921.0,50120.0
PROTEO,21935,2025-05-05,69.3,274.747,7.09,812,5149.0,30100.0
PROTEO,21948,2025-05-06,125.26,292.831,4.87,2350,1517.0,56870.0
PROTEO,21959,2025-05-07,107.42,273.878,3.87,7646,2921.0,48650.0
PROTEO,21987,2025-05-10,109.2,274.542,5.06,7646,2921.0,49410.0
PROTEO,22311,2025-06-15,107.06,275.64,4.77,7646,2921.0,48230.0
PROTEO,22314,2025-06-15,117.67,287.159,6.71,7650,2921.0,52500.0
PROTEO,22330,2025-06-17,67.87,284.662,5.35,812,5149.0,30290.0
PROTEO,22338,2025-06-18,105.96,274.16,6.02,7646,2921.0,48020.0
PROTEO,22358,2025-06-20,69.2,284.104,5.23,812,5149.0,30510.0
PROTEO,22359,2025-06-20,116.39,275.883,6.72,7650,2921.0,50990.0
PROTEO,22373,2025-06-21,110.7,240.108,7.2,7646,2921.0,45490.0
PROTEO,22391,2025-06-23,114.49,287.012,6.51,7650,1517.0,51720.0
PROTEO,22407,2025-06-24,115.07,307.552,6.96,7650,1517.0,53850.0
PROTEO,22413,2025-06-25,71.9,298.609,7.49,812,5149.0,32320.0
PROTEO,22442,2025-06-28,67.87,300.133,6.64,812,5149.0,31230.0
